:020000040800F2
:10000000388C00209D0100082D2F0008F1240008E5
:10001000292F000801080008C16C0008000000003A
:100020000000000000000000000000005135000842
:100030001508000800000000612F00088135000845
:10004000B7010008B7010008B7010008B7010008B0
:10005000B7010008B7010008B7010008B7010008A0
:10006000B7010008B7010008B7010008B701000890
:10007000B7010008B7010008B7010008050800082B
:10008000B7010008B7010008B7010008B701000870
:10009000B7010008B7010008B7010008B701000860
:1000A000B7010008B7010008B7010008B701000850
:1000B000B7010008B7010008B7010008B701000840
:1000C000B7010008B7010008B7010008B701000830
:1000D000B7010008B16C0008B7010008B7010008BB
:1000E000B7010008B7010008B7010008B701000810
:1000F000B7010008B7010008B7010008B701000800
:10010000B7010008B7010008B7010008B7010008EF
:10011000B7010008B7010008313600084136000871
:10012000B7010008B7010008B7010008B7010008CF
:10013000B7010008B7010008B7010008B7010008BF
:10014000B7010008B7010008B7010008000000006F
:10015000B7010008B7010008B7010008B70100089F
:10016000B7010008B7010008B7010008B70100088F
:10017000B7010008B70100080000000000000000FF
:10018000B7010008B7010008DFF80CD000F0B6FA9C
:100190000048004761830008388C002006488047EB
:1001A00006480047FEE7FEE7FEE7FEE7FEE7FEE75C
:1001B000FEE7FEE7FEE7FEE71D36000889010008BE
:1001C0002DE9F05F0546002092469B46884606468C
:1001D000814640241BE0284641464746224600F01F
:1001E000BAF853465A46C01A914110D311461846E0
:1001F000224600F0A1F82D1A67EB01084F4622466F
:100200000120002100F098F817EB00094E41201E54
:10021000A4F10104DFDC484631462A46434600F09B
:1002200000B830BCBDE8C09F2DE9F0410024061B9A
:10023000254671F1000605DA01240027D0EB0700FE
:1002400067EB0101161E73F1000605DA0027D2EBF9
:100250000702012567EB0303FFF7B2FF86460E4650
:1002600017469C46AC4204D00025D0EB050E65EB4A
:10027000010624B10020D2EB000760EB030C7046AE
:1002800031463A466346BDE8F08140EA01039B07E8
:1002900003D009E008C9121F08C0042AFAD203E0FB
:1002A00011F8013B00F8013B521EF9D27047D2B25F
:1002B00001E000F8012B491EFBD270470022F6E74F
:1002C00010B513460A4604461946FFF7F0FF2046CC
:1002D00010BD10B5044604E00B7800F8013B03B1F3
:1002E000491C521EF8D2204610BDCAB2401E10F85A
:1002F000011F8A4202D00029F9D100207047421C18
:1003000010F8011B0029FBD1801A704730B50B464D
:10031000014600202022012409E021FA02F59D4235
:1003200005D303FA02F5491B04FA02F52844151E09
:10033000A2F10102F1DC30BD202A04DB203A00FAF0
:1003400002F1002070479140C2F1200320FA03F32C
:10035000194390407047202A04DB203A21FA02F02A
:100360000021704721FA02F3D040C2F120029140EF
:100370000843194670472DE9FE4F804681EA030085
:10038000C00F0C46009021F0004123F00045B8EB6F
:100390000200A94105D24046214690461C460B4624
:1003A000024623F00040104347D0270DC7F30A0050
:1003B000C3F30A510290401A019040286BDAC3F34C
:1003C000130040F4801B0098924620B10023D2EB2A
:1003D000030A63EB0B0B01985946C0F140025046EB
:1003E000FFF7AAFF06460D4650465946019A00F00F
:1003F00097F910EB08006141002487EA115284EA62
:10040000E7731A4340D0009A62B3019A012A4FEA77
:10041000075215DC001B61EB02014FF0004202EABB
:100420000752CDE90042001C41F5801132462B46AF
:1004300000F097F903B000F045B840462146F9E7CF
:10044000001B61EB0201001C41F5801300185B41A9
:100450002018A2F5001747EB030140EAD570B61942
:100460006D4111E06D084FEA360645EAC0754FEA66
:100470000752001B61EB0201001C41F58011490885
:100480004FEA30000019514132462B4603B000F0CC
:100490001CB800F057B90098012240000023D0EBAF
:1004A000020263EBE073009821464FEAE074B8EB78
:1004B000000061EB0401E9E783F000435BE781F0B2
:1004C000004158E730BCBDE8C08F30BCBDE8C04F2C
:1004D000FFF7DFBF2DE9FE4F81EA030404F000447B
:1004E00021F0004100944FF0000B23F0004350EA4C
:1004F00001045ED052EA03045BD0C3F30A54C1F393
:100500000A552C44A4F2F3340194A0FB0254C1F325
:10051000130141F48011C3F3130343F4801301FB6F
:10052000024400FB034E840A970A44EA815447EAD6
:100530008357A4FB076802958D0A05FB07854FEAE0
:10054000932C04FB0C542705029D4FEA065847EAFA
:100550001637B5EB08056EEB070C870E920E47EACF
:10056000811742EA8312A7FB0201B6EB0B0164EB91
:1005700000042B0D43EA0C335E1844EB1C50DA46A2
:100580005146E7FB0201C5F313044FEA0B3343EA7C
:1005900014534FEA0432019C43EA0603A4F10C040D
:1005A0000294009CCDE900B400F0DBF803B000F049
:1005B00003B800200146F9E730BCBDE8C08F2DE943
:1005C000F04D81EA030404F0004B21F0004514468D
:1005D0004FF0000A23F0004150EA050220D054EA0F
:1005E00001021DD0C5F30A570246C5F31303C1F338
:1005F0001300C1F30A5640F4801543F48013A7EBAF
:100600000608101BD64608F2FD3873EB050002D32E
:1006100008F1010801E092185B41B8F1000F03DA1C
:1006200000200146BDE8F08D00204FF48011064601
:1006300084460EE0171B73EB050705D3121B63EB13
:10064000050306434CEA010C49084FEA30009218B2
:100650005B4150EA0107EDD152EA030012D082EA71
:10066000040083EA0501084305D0101BAB4106D204
:100670000122002306E000224FF0004302E06FF069
:10068000010253101AEB06004CEB085110EB0A0064
:1006900041EB0B01BDE8F04D00F054B8C1F30A5234
:1006A000C1F3130140F2FF3341F480119A4202DAA0
:1006B00000200146704740F233439A42A2F233428F
:1006C00002DC5242FFF747BEFFF736BE30B5041ECC
:1006D00071F1000404DB4FF00044404264EB01017F
:1006E000141E73F1000405DB1C464FF00043524218
:1006F00063EB0403994208BF904230BD064C074D9E
:1007000006E0E06840F0010394E8070098471034E1
:10071000AC42F6D3FFF73CFD88B10008A8B1000851
:10072000202A06DBCB17203A41FA02F043EAE073B5
:1007300006E041FA02F3D040C2F1200291400843A2
:100740001946704710B5141E73F1000408DA401CF6
:1007500041F1000192185B411A4301D120F00100E0
:1007600010BD2DE9F04D92469B4611B1B1FA81F2D0
:1007700002E0B0FA80F220329046FFF7DDFD044639
:100780000F4640EA0A0041EA0B0153465A46084325
:1007900013D0114653EA010019D0C8F14002504667
:1007A000FFF7D9FD05460E46504659464246FFF72B
:1007B000C3FD084305D0012004E020463946BDE8CA
:1007C000F08D0020054346EAE0762C4337430A9833
:1007D0006305E40AA0EB08000022FD0A44EA47543E
:1007E0000A3002D500200146E9E7010510196941E8
:1007F000DDE9084500196941BDE8F04DA2E70000B8
:10080000FEE7000080B547F6C860C2F2000000F0C5
:100810005BF880BD70470000EFF3108072B600BF38
:10082000FEE70000002804BF0120704790F8251063
:10083000022915D10168D0E910C30A6822F001022B
:100840000A600A6822F00E020A6003F01C0101220D
:1008500002FA01F1CCF80410002180F8252002E012
:100860000421C1630121002280F82420084670473A
:1008700080B590F82510022921D10168D0F838E020
:10088000D0E910C30A68BEF1000F22F001020A602D
:100890000A6822F00E020A6003F01C014FF0010208
:1008A00002FA01F1CCF804104FF0000180F8252085
:1008B00080F8241001D0F0470021084680BD0421B3
:1008C000C1630121084680BDB0B50168D0E910C4FC
:1008D000DCF800500B6804F01C0E5A0713D50422F4
:1008E00002FA0EF414EA05020DD00A68920603D447
:1008F0000A6822F004020A60CCF80440016B002967
:100900003FD08847B0BD9A0720D5022202FA0EF4E4
:1009100014EA05021AD00A68920606D40A6822F080
:100920000A020A60012280F825200422C4F2020291
:1009300002F17C03994288BF02F580621460C16AAB
:10094000002280F82420E1B18847B0BD1A0758BFC3
:10095000B0BD082202FA0EF22A4012D00A6822F034
:100960000E020A60012101FA0EF2CCF80420C163E4
:1009700080F82510416B0022002980F8242018BF40
:100980008847B0BD002804BF0120704770B540F211
:10099000000CC4F2020C02684FF6F8310CF58163CA
:1009A000CBF6FD719A4238BF01F580614CF6CD431C
:1009B0001144CCF6CC43A1FB03136FF003060CF5F6
:1009C000806506EA9303D0E9021E04693CBF002556
:1009D000C4F20205C0E91053022380F825301368E1
:1009E00047F6F075AB4313604EEA010346692343B3
:1009F0003343D0E90665B1F5804F43EA0603066A42
:100A000043EA0503156843EA060343EA0503136056
:100A100016D0D0E910324FF49565416802F01C02FF
:100A20000F26634508BFA8255CF805309640B34300
:100A30004CF805305CF80530914019434CF805102E
:100A400000210122C16380F8252080F82410BDE830
:100A50007040084670470000B0B5044600F0F2F858
:100A6000054640F2F000C2F200000078611C18BF99
:100A7000044400BF00F0E6F8401BA042FAD3B0BD2A
:100A80002DE9F04F85B00A68002A00F0CF8000F110
:100A90000C03019300F12C0300F1384700934FEA57
:100AA000B72341F600070393C4F600070723002687
:100AB0004FF0000C4FF0010BB84208BF0623029321
:100AC0000BE000BF0A680CF1040C32FA0BF30BF1D7
:100AD000010B06F1020600F0A980ABF10108012329
:100AE00003FA08FE12EA0E0AECD0D1F8049009F0DD
:100AF0000302541E012C12D884680323CF6803FA22
:100B000006F5AC4307FA06F52C4384604468C9F344
:100B1000001524EA0E0405FA08F52C434460032A64
:100B200008D1009DC9F3C0072C6807FA08F724EA2A
:100B30000E0407E0019B03251F688C68B540AF4396
:100B4000B4401D462743022A2F600FD16FF00302E5
:100B500002EA580202440CF01C050F23176A03FA3C
:100B600005F40B69A743AB403B43136202680323C0
:100B70004F68B3409A4307F00303B3401A4317F496
:100B8000403F02609ED041F26003C4F202031A6843
:100B900040F2004442F001021A601A68C4F20104F3
:100BA00002F001020492049A28F003024FF608486A
:100BB0002244CFF6FF7852F808300CF00C070F25CE
:100BC000BD4023EA050E039B029D062B38BF1D4640
:100BD00005FA07F747EA0E0342F80830A2684B68A7
:100BE00042EA0A0740F20C4EDD0258BF22EA0A0729
:100BF000A760C4F2010EDEF800209D0242EA0A0757
:100C000058BF22EA0A07CEF8007062689D0342EAE4
:100C10000A0758BF22EA0A0767602268DB0342EA34
:100C20000A0758BF22EA0A0727604BE705B000F021
:100C300000B830BCBDE8C08F1823002A08BF2823A5
:100C4000C150704748F23810C2F200000068704787
:100C500040F2F00048F23811C2F20000C2F2000186
:100C600000780A68104408607047000080B50320CF
:100C700000F090F80F2000F009F800281CBF0120B8
:100C800080BD00F059F8002080BD0000B0B586B0EE
:100C900041F25801C4F202010A68044642F02002FF
:100CA0000A60096801A801F02001019101996946D3
:100CB00000F040FB049D002D18BF012500F062FBF1
:100CC0004DF68361A840C4F21B31A0FB01014FF037
:100CD000FF3000EB914147F6C07041F20042C2F292
:100CE0000000C4F2000240F2E7330025C0E9002111
:100CF000C0E902530561856101F084F80546C0B979
:100D000047F6C070C2F2000001F0D0F8054680B985
:100D1000372000F02BF80F2C0AD83720214600226C
:100D200000F028F840F2F400C2F20000046000E095
:100D30000125284606B0B0BD82B041F25800C4F289
:100D40000200816841F001018160816801F00101C8
:100D500001910199016841F080510160006800F043
:100D600080500090009802B07047000080B505F0F8
:100D7000A9FF80BD70B514460D46064605F0B2FFCA
:100D80002946224602F0D4F80146304605F0B2FF6B
:100D900070BD000080B505F0BFFF80BD47F20001C7
:100DA000C4F200010A68B0F5007F02F4C06026D1E9
:100DB000B0F5007F21D00868012262F34A20086064
:100DC00040F20000C2F200000068322358434DF6A2
:100DD0008363C4F21B33A0FB030302EB934000BF09
:100DE0004B69421E824203D213F480601046F7D151
:100DF0004869400544BF0320704700207047B0F5A4
:100E0000806FFAD00868022262F34A20086000204E
:100E10007047000047F20000C4F20000006800F4D0
:100E2000C06070472DE9F04782B00446407841F237
:100E300088070007C4F2020702D44FF0000A35E029
:100E4000606E4FEAB05003280ED84FF0000ADFE87A
:100E500000F002111C17201D002102F0BFF882468D
:100E6000BAF1000F0FD11BE04FF0010ABAF1000FE9
:100E700009D115E004F12000002102F077F9824643
:100E8000BAF1000F0CD0D04612E057F87C0C4FF0AE
:100E9000000A40F4803047F87C0CBAF1000FF2D120
:100EA0003868616E20F44000084338604FF0000855
:100EB0006078C00631D5A06E4FEA306003280CD8A8
:100EC000DFE800F002111C17201D002102F086F857
:100ED0008246BAF1000F0FD119E04FF0010ABAF1C2
:100EE000000F09D113E004F12000002102F03EF9C7
:100EF0008246BAF1000F0AD0D0460EE057F87C0CBB
:100F000040F4803047F87C0CBAF1000FF4D1386817
:100F1000A16E20F0407008433860A078800701D4AB
:100F2000C24665E057F8300C10F080590BD157F8E5
:100F3000300C40F0805047F8300C57F8300C00F07F
:100F400080500190019847F20005C4F2000528681E
:100F500040F480702860FFF775FE06462868C005DB
:100F600006D4FFF76FFE801B0328F7D34FF0030A68
:100F7000BAF1000F33D1B86810F4407012D0D4F831
:100F8000801088420BD0B868B96820F4407041F4F2
:100F90008031B960B96821F48031B960B860C007A8
:100FA00003D111E00020C0070ED0FFF74BFE06462C
:100FB00041F28935B868800706D4FFF743FE801BED
:100FC000A842F7D34FF0030ABAF1000F07D1B8686F
:100FD000D4F8801020F440700843C246B860B9F1DC
:100FE000000F05D157F8300C20F0805047F8300C36
:100FF0002068C10716D181071CD4410722D40107FC
:1010000028D4C1062ED4810634D481053AD44105B2
:1010100040D4410646D401064CD4C10552D4000345
:1010200058D471E03968A26B21F003011143396093
:101030008107E2D53968E26B21F00C011143396078
:101040004107DCD53968226C21F030011143396049
:101050000107D6D53968626C21F0C00111433960AF
:10106000C106D0D53968A26C21F4407111433960B2
:101070008106CAD53968E26C21F4406111433960B8
:101080008105C4D53968E26D21F4402111433960EE
:101090004105BED53968226E21F4401111433960F3
:1010A0004106B8D53968226D21F4405111433960A9
:1010B0000106B2D53968626D21F4404111433960AF
:1010C000C105ACD53968A26D21F4403111433960B6
:1010D000000319D53968E06E21F040610143B0F199
:1010E000806F396009D0B0F1006F0DD157F87C0CDA
:1010F00040F4801047F87C0C06E0201D012101F02F
:101100006DFF002818BF8246A078400719D53968BE
:10111000206F21F040610143B0F1806F396009D048
:10112000B0F1006F0DD157F87C0C40F4801047F8F7
:101130007C0C06E0201D012101F050FF002818BFA3
:1011400082466078400618D53968606F21F04051BA
:101150000143B0F1005F396007D0B0F1805F0CD17E
:10116000201D022101F03AFF04E004F120000221D9
:1011700001F0FCFF002818BF82462068010405D555
:101180003968A26F21F0804111433960C00305D551
:101190003868E16F20F0004008433860504602B0E4
:1011A000BDE8F0872DE9F04381B0002800F0918080
:1011B00042F20008C4F202080446D8F800000D46C6
:1011C00000F0070088420CD2D8F8000020F0070099
:1011D0002843C8F80000D8F8000000F00700A84233
:1011E00077D1206841F208098107C4F202090DD5C0
:1011F000A168D9F8002002F0F002914206D9D9F88E
:10120000002022F0F0021143C9F80010C00756D1A7
:10121000206881070DD5A168D9F8002002F0F002FE
:10122000914206D2D9F8002022F0F0021143C9F809
:101230000010D8F8001001F00701A9420CD9D8F825
:10124000001021F007012943C8F80010D8F8001059
:1012500001F00701A9423CD1410707D5D9F8001098
:10126000E26821F4E0611143C9F80010000708D5D5
:10127000D9F80000216920F4605040EAC100C9F8A3
:10128000000000F0A7F8D9F8001049F68852C1F321
:101290000311C0F60002515C40F2000201F01F0190
:1012A00020FA01F140F2F400C2F200000068C2F23C
:1012B00000021160FFF7EAFC01B0BDE8F08360684E
:1012C00058B102282CD003282FD159F8081C8901C5
:1012D00007D4012001B0BDE8F08359F8081C890744
:1012E000F7D5D9F8001021F003010843C9F8000030
:1012F000FFF7A8FC064641F2883700BFD9F8000086
:10130000616800F00C00B0EB810F3FF481AFFFF794
:1013100099FC801BB842F1D9032001B0BDE8F083ED
:1013200059F8081C8903D4D5DBE759F8081C49058E
:10133000CFD5D6E70F22026041F20802C4F20202C2
:10134000136803F003034360136803F0F003836042
:10135000136803F4E063C36012684FF4E06303EAC8
:10136000D202026142F20000C4F20200006800F002
:10137000070008607047000040F20000C2F2000061
:101380000068704780B5FFF7F7FF41F20801C4F22B
:101390000201096849F69852C1F30221C0F6000221
:1013A000515C01F01F01C84080BD000080B5FFF70F
:1013B000E3FF41F20801C4F20201096849F69852BC
:1013C000C1F3C221C0F60002515C01F01F01C84008
:1013D00080BD000041F20C01C4F2020151F8040C7E
:1013E00010F00C02086805D00C2A40D100F0030070
:1013F00001283CD151F80C0C000703D4D1F8880027
:10140000000A02E051F80C0C000949F6A05300F064
:101410000F00C0F6000353F82030002A184618BF0A
:1014200000200C2A18BF7047086800F0030002284B
:1014300006D0032804BF41F20023C0F27A0303E080
:1014400042F20043C0F2F40308680A68C0F30210D5
:10145000C2F30622096801305A43B2FBF0F0C1F32F
:101460004161022202EB4101B0FBF1F07047042A16
:1014700007D0082A0BD141F200200023C0F27A00E5
:10148000CFE742F200400023C0F2F400C9E7002099
:101490000023C6E72DE9F04381B0002800F0178251
:1014A00041F200060446C4F20206B068F1682278F0
:1014B00000F00C09D00601F003081DD42078C00705
:1014C00000F0EF80B9F1080F45D0B9F10C0F08BF5B
:1014D000B8F1030F3FD06568B5F5A02F00F0BC80D0
:1014E000B5F5803F00F0BC80306820F4803030607B
:1014F000306820F48020B6E0B9F1000F1CD0B9F1BB
:101500000C0F08BFB8F1010F16D0A169306800298F
:1015100078D040F001003060FFF794FB054600BF33
:101520003068800700F18080FFF78CFB401B0228A9
:101530004FF00300F4D912E23068800703D5A069A8
:10154000002800F0C481206A316809070CD4D6F85D
:101550009410090909E03068800340F1A2806068B6
:10156000002840F09E80B2E1316801F0F00188422D
:1015700016D901F0ABFE002840F0A981306840F098
:10158000080030603068D4E9072120F0F0000843FB
:101590003060706820F47F4040EA0220706013E001
:1015A0003168B9F1000F41F008013160316821F074
:1015B000F00141EA000131607168E26921F47F4184
:1015C00041EA0221716041D0FFF704FFB16849F69A
:1015D0008852C1F30311C0F60002515C40F20002D0
:1015E00001F01F0120FA01F140F2F400C2F2000004
:1015F0000068C2F200021160FFF748FB002840F0CB
:10160000AE815BE720F001003060FFF71BFB054671
:10161000306880077FF552AFFFF714FB401B0228AC
:101620004FF00300F4D99AE1306840F008003060D0
:101630003068D4E9072120F0F0000843306070687A
:1016400020F47F4040EA0220706037E701F03EFE60
:10165000002840F03C81B7E7306840F480203060DB
:10166000306840F480303060FFF7ECFA002D05461A
:1016700014D000BF3068800313D4FFF7E3FA401B97
:1016800064284FF00300F5D969E100BFFFF7DAFAEB
:10169000401B64284FF0030000F261813068800332
:1016A000F4D4207880072CD5B9F1040F1BD0B9F100
:1016B0000C0F08BFB8F1020F15D0E168306800299F
:1016C00000F03C8140F480703060FFF7BBFA0546C3
:1016D000306840050ED4FFF7B5FA401B02284FF0E2
:1016E0000300F5D93BE13068400503D5E0680028E8
:1016F00000F0ED807068216920F0F85040EA016048
:101700007060207800075ED42078400775D4A06A06
:10171000002800F02E81022840F0B980F068E16ACC
:1017200000F003028A4240F0C880226B6FF00F0382
:1017300000F0700103EB0212914240F0BE80616B39
:1017400000F4FE42B2EB012F40F0B780A16B00F431
:101750000032073918BF01218A4240F0AE80E26BA7
:101760000023CFF6E07303EB025200F4C0016FF3E5
:101770001402914240F0A180216C4FF07E4202EBB6
:10178000016100F0C06001F07E41884240F0958028
:101790003068800100F1ED80306840F0807030608A
:1017A000F06840F08070F060FFF74CFA0446306853
:1017B000800100F1DE80FFF745FA001B02284FF0A0
:1017C0000300F4D9CBE06169D6F8940000294AD02F
:1017D00040F00100C6F89400FFF734FA054600BF58
:1017E000D6F8940080078FD4FFF72CFA401B02280C
:1017F000F6D9032001B0BDE8F083B06D10F0805839
:1018000008D1B06D40F08050B065B06D00F08050F0
:101810000090009847F20007C4F200073868C0053E
:1018200011D4386840F480703860FFF70BFA054631
:101830003868C00507D4FFF705FA401B02284FF0AF
:101840000300F5D98BE0A568052D44D0012D48D0C3
:10185000D6F8900020F00100C6F89000D6F890006D
:1018600020F0040041E020F00100C6F89400FFF7EA
:10187000E9F90546D6F8940080077FF545AFFFF7F4
:10188000E1F9401B02284FF00300F3D967E0B9F1FA
:101890000C0F1CD0306820F080703060FFF7D2F958
:1018A000044600BF306880015CD5FFF7CBF9001B10
:1018B00002284FF00300F5D951E0B9F10C0F06D022
:1018C000306840015CBF30685FEAC00055D5012038
:1018D00001B0BDE8F083D6F8900040F00400C6F8EF
:1018E0009000D6F8900040F00100C6F89000FFF795
:1018F000A9F9002D054641F2883712D0D6F890009C
:10190000800712D4FFF79EF9401BB8424FF0030046
:10191000F4D924E0FFF796F9401BB8424FF00300DA
:101920001DD8D6F890008007F4D4B8F1000F7FF4EA
:10193000EEAEB06D20F08050B065E8E620F4807027
:101940003060FFF77FF90546306840057FF5D9AE76
:10195000FFF778F9401B02284FF00300F4D901B0DB
:10196000BDE8F083F0684FF6FC71CFF6EE610840F9
:10197000F060002001B0BDE8F083306820F0807096
:101980003060FFF75FF905463068800107D5FFF743
:1019900059F9401B02284FF00300F5D9DFE7F06842
:1019A00048F28C01CFF69D1104F12C0700EA010CDE
:1019B0008ECFD4E90F546FF00F0040F2000E00EB11
:1019C0000210CFF6E07E41EA0C010EEB05554FF018
:1019D0007E4208436FF3140502EB046240EA0320E1
:1019E00002F07E420EF5F014284304EA4737104314
:1019F0003843F060306840F080703060F06840F04C
:101A00008070F060FFF71EF9044630688001B0D4A2
:101A1000FFF718F9001B02284FF00300F5D99EE7E5
:101A2000002804BF01207047B0B50446406A20B1C9
:101A30000020206104F1140005E06068B0F5827FA9
:101A400003D004F11C00002101600025A56294F878
:101A50005D0020B9204684F85C5000F04FF8022069
:101A600084F85D002068D4F80CE00268BEF5E06FF1
:101A700022F0400202604EF4006298BF0125B2F5E8
:101A8000706F1CBF0023A3624FEA053CD4E9013507
:101A9000D4E9042103F4827305F404452B4402F0D5
:101AA00002021A44A36901F00101E569114403F43B
:101AB0000072114405F03802256A114405F08002D5
:101AC000A56A114405F40052114301600421626AC1
:101AD0000EF4706501EA1341636B45EA0C0502F0F0
:101AE0001002294303F00803114319434160002009
:101AF0000121206684F85D10B0BD000080B586B07D
:101B0000006843F20002C4F2010200219042CDE9D4
:101B10000411CDE90211019101D006B080BD41F25E
:101B20004C00C4F20200426942F4805242614269B0
:101B300002F480520092009A026842F001020260B0
:101B4000006800F0010000900098A02001900220A1
:101B5000CDE90201032004900520059001A94FF072
:101B60009040FEF78DFF06B080BD00002DE9F041EA
:101B700082B01D4616460F460446FFF763F894F8F8
:101B80005D1001290DD18046002F4FF0010018BFD4
:101B9000002E02D102B0BDE8F08194F85C0001286B
:101BA00003D1022002B0BDE8F081012084F85C007E
:101BB000032084F85D0000202066A763A687E687DF
:101BC0002064A4F84400A4F84600A168C4E9130006
:101BD000B1F5004F08D12068016821F04001016093
:101BE000016841F48041016020680168490603D41E
:101BF000016841F0400101606168731EE268B1FA5A
:101C000081F1B3FA83F349095B09B2F5E06F41EA68
:101C100003012ED939B1A16B0988C160B81CA0633A
:101C2000E08F0138E087E08F002863D06E1C0AE067
:101C3000A16B31F8022BC260A163E08F0138E0870D
:101C4000E08F002856D0206881688907F0D4FEF71D
:101C5000F9FF002EF4D0A0EB0800A842F0D3012039
:101C600084F85D00002084F85C00032002B0BDE829
:101C7000F08100294FF6FE7112D0E28F022A06D3BE
:101C8000A26B1288C260B81C4FF6FE7204E03A786C
:101C90000273A06B4A1C0130A063E08F1044E08700
:101CA000E08F38B36E1C4F1C0CE0A16B09780173F8
:101CB00001203946A26B1044A063E08F0844E087FE
:101CC000E08FB8B120688168890709D4FEF7BAFFB0
:101CD000002EF5D0A0EB0800A842F1D3BFE700BF6B
:101CE000E18F0229E1D3A16B0988C16002204FF680
:101CF000FE71DFE720462946424601F02FFB00280F
:101D00001CBF20202066A06838B900200190206800
:101D1000C1680191806801900198012084F85D00FC
:101D2000002084F85C00206E002818BF012002B05B
:101D3000BDE8F08170470000704700007047000068
:101D400010B590F83C20012A4FF0020257D0012331
:101D500080F83C3080F83D20026843F2004C536824
:101D6000D2F808E0C4F2010C624505D042F6004406
:101D7000C4F20104A24203D14C6823F4700323434C
:101D80000C6823F07003234340F6FF34C4F20004D0
:101D9000A242536010DD43F2FF33C4F201039A42C2
:101DA0001ADC40F60043C4F200039A421CD042F60B
:101DB0000043C4F201030CE0B2F1804F14D040F2B2
:101DC0000043C4F200039A420ED040F60003C4F26E
:101DD00000039A4208D00CE044F20003C4F201036D
:101DE0009A4201D0624504D189682EF080031943DC
:101DF00091600121002280F83D1080F83C201046BF
:101E000010BD0000002804BF0120704710B5044633
:101E100090F83D0028B9002084F83C00204600F0EE
:101E200023F8022084F83D002068211D01F010FCF9
:101E3000012084F8480084F83E0084F83F0084F8CC
:101E4000400084F8410084F8420084F8430084F89C
:101E5000440084F8450084F8460084F8470084F87C
:101E60003D00002010BD000080B582B0006841F246
:101E70000001C4F20001884201D002B080BD41F2ED
:101E80005800C4F202000168002241F01001016014
:101E90000068042100F01000019001983620FEF740
:101EA00069FF3620FEF762FF02B080BD90F83D105A
:101EB00001291CBF01207047022180F83D100168F4
:101EC00040F6FF32C868C4F20002914240F00100BF
:101ED000C8600EDD43F2FF30C4F20100814218DC1D
:101EE00040F60040C4F2000081421ED042F600409D
:101EF00017E0B1F1804F18D040F20040C4F200006A
:101F0000814212D040F60000C4F2000081420CD0A1
:101F10001EE044F20000C4F20100814205D043F209
:101F20000040C4F20100814212D188680722C0F249
:101F300001020240062A4FF000000ED0B2F5803FA9
:101F400008BF7047086840F0010008600020704733
:101F5000086840F0010008600020704770470000EA
:101F6000F0B581B004460068C768066906EA07054F
:101F7000A90727D4680756D428076CD4E80600F1CF
:101F80008280E80706D020686FF0010101612046D9
:101F900000F098F817F0800718BF16F4025006D02A
:101FA00020686FF4025101612046FFF7C5FE002F43
:101FB00018BF16F4807011D1680618D4A8061FD473
:101FC00001B0F0BD6FF0020101610121217780694C
:101FD00080071ED02046FFF7C1FF20E020686FF485
:101FE000807101612046FFF7A5FE6806E6D52068EE
:101FF0006FF040010161204600F070F8A806DFD5BF
:1020000020686FF0200101612046FFF797FE01B0C4
:10201000F0BD204600F052F8204600F051F80020B4
:1020200020776807A8D520686FF0040101610221BC
:102030002177806910F4407F03D02046FFF78EFFA0
:1020400005E0204600F03AF8204600F039F800207C
:102050002077280792D520686FF0080101610421DC
:102060002177C069800703D02046FFF777FF05E09E
:10207000204600F023F8204600F022F800202077C8
:10208000E8067FF57EAF20686FF01001016108213E
:102090002177C06910F4407F03D02046FFF75EFF30
:1020A00005E0204600F00AF8204600F009F800207C
:1020B0002077E8077FF467AF6CE700007047000007
:1020C0007047000080B5006841F20041C4F2000191
:1020D000884208BFFEF7BCFD80BD000070470000CD
:1020E000704700007047000070470000B0B504461C
:1020F000006840F62F03C169026885680B40202BF9
:1021000002F0200E07D1BEF1000F04D0A16E99B3EA
:1021100020468847B0BD40F60F03194213D040F265
:102120002013C0F2004305F0010C134013EB0C0325
:1021300009D0CB0718BF12F4807340F0A7808B073B
:1021400000F1AE80B7E0D4F860C00A40D3063CD5B9
:10215000BCF1010F39D1102101628068400640D4E2
:10216000B4F85800B4F85A10B4F85A20002A1CBF2A
:10217000401A5FEA004101D1B0BD00BF216851E8BB
:10218000001F226821F4907142E80013002BF5D162
:10219000216851E8021F226821F0010142E8021380
:1021A000002BF5D12021C4F8801000212166A16602
:1021B000216851E8001F226821F0100142E8001355
:1021C000002BF5D10221616654E0C90254D515F403
:1021D000800151D04FF4801101622046FFF782FF49
:1021E000B0BD606F006841688AB2002A00F0C48008
:1021F000B4F858309A4280F0BF80A4F85A100068B2
:10220000800630D4206850E8000F216820F48070E8
:1022100041E80002002AF5D1206850E8020F216849
:1022200020F0010041E80202002AF5D1206850E8C0
:10223000020F216820F0400041E80202002AF5D197
:102240002020C4F880000020206600BF206850E8ED
:10225000000F216820F0100041E80002002AF5D1AB
:10226000606FFEF7DFFA02206066B4F85800B4F839
:102270005A10401A81B28AE0100600F19780500689
:1022800058BFB0BD204601F07DFBB0BD0123036205
:10229000D4F8843043F00103C4F884308B070AD5A6
:1022A000BCF1000F07D002230362D4F8843043F05E
:1022B0000403C4F884304B070AD5BCF1000F07D0E3
:1022C00004230362D4F8843043F00203C4F884305A
:1022D0000B070AD55CEA0E0307D008230362D4F883
:1022E000843043F00803C4F884300B050BD512F09A
:1022F000806308D04FF400630362D4F8840040F098
:102300002000C4F88400D4F8840000283FF434AFDF
:1023100002EA0100800603D5A16E09B12046884774
:102320002068D4F88410806801F0280100F0400093
:10233000401834D0204601F0FBFA2068806840063F
:1023400029D500BF206850E8020F216820F0400026
:1023500041E80202002AF5D1606FE0B143F6251191
:10236000C0F600018163FEF783FA00283FF404AF52
:10237000606F816B8847B0BDB4F8581091427FF40C
:10238000FBAE006880067FF5F7AE0220606620464F
:10239000FFF7A6FEB0BD2046FFF7A6FEB0BD204663
:1023A000FFF7A2FE0020C4F88400B0BDE16E002952
:1023B0007FF4AEAEE0E6000010B5C8B10446C06FD1
:1023C00028B9002084F87800204600F025F8242061
:1023D000E0672068616A026822F00102026011B1C0
:1023E000204601F0CDF9204601F0E0FA012801D1A4
:1023F000012010BD2068416821F49041416081684E
:1024000021F02A018160016841F00101016020464C
:1024100001F02AFA10BD0000F0B5A7B0044600256F
:1024200001A884212695CDE92455CDE92255FDF753
:1024300045FF206843F60001C4F20101884201D043
:1024400027B0F0BD0120019001A80F95FEF7EAFC2E
:10245000002818BFFEF7E0F941F24C00C4F2020078
:102460004169022641F4804141614169002701F43C
:10247000804100910099016841F00101016000680C
:1024800022A900F00100009000984FF4C060229053
:1024900003202590072026904FF090402396249704
:1024A000FEF7EEFA47F6C8655820C2F20005C4F2FE
:1024B00002008021202285E8C1002846C5E9037179
:1024C000C5E90577C5E90727FEF75CFA002818BFBC
:1024D000FEF7A2F92520052100226567AC62FEF710
:1024E00049FC2520FEF742FC27B0F0BD70470000F4
:1024F000FEE70000F0B581B007462A201C461546CD
:102500000E4600F0C1FB384600F092FB284600F072
:102510008FFB2B2000F0B8FB06F10C0080B200F01E
:1025200087FB04F10C0080B200F082FB2C2000F04D
:10253000ABFB01B0F0BD00002DE9F04182B0D3B398
:102540001646C2B3089FB7B31D4603FB06F48219B3
:102550000B44013A013B40F2004892B29BB2C4F6F0
:102560000008FFF7C7FF08F5806010210122FEF781
:1025700063FB404604210022FEF75EFBB4B105FB7D
:1025800006F447F61075023FC2F200050DF106068B
:1025900037F8020F314600BA000CADF806002846A5
:1025A0000222FF23FFF7E2FA013CF1D14046042169
:1025B0000122FEF741FB02B0BDE8F08110B540F208
:1025C0000044C4F60004204602210122FEF734FB39
:1025D0003220FEF741FA204602210022FEF72CFBB2
:1025E0003220FEF739FA204602210122FEF724FBB1
:1025F0007820FEF731FA4FF0904040210122FEF79B
:102600001BFBFF2000F040FBA52000F029FB9A20D7
:1026100000F03AFB082000F023FB9B2000F034FB85
:10262000082000F01DFB9C2000F02EFBB02000F0E5
:1026300017FB9D2000F028FB162000F011FB9E20C8
:1026400000F022FBC42000F00BFB8F2000F01CFBED
:10265000552000F005FB042000F002FB842000F070
:1026600013FB902000F0FCFA832000F00DFB7B2090
:1026700000F0F6FA852000F007FB332000F0F0FAB6
:10268000602000F001FB002000F0EAFA702000F06A
:10269000FBFA002000F0E4FA612000F0F5FA0220D5
:1026A00000F0DEFA712000F0EFFA022000F0D8FA14
:1026B000622000F0E9FA042000F0D2FA722000F063
:1026C000E3FA042000F0CCFA6C2000F0DDFA2920B7
:1026D00000F0C6FA7C2000F0D7FA292000F0C0FAFA
:1026E0006D2000F0D1FA312000F0BAFA7D2000F020
:1026F000CBFA312000F0B4FA6E2000F0C5FA0F20BA
:1027000000F0AEFA7E2000F0BFFA0F2000F0A8FA29
:10271000662000F0B9FA212000F0A2FA762000F03D
:10272000B3FA212000F09CFA682000F0ADFA3A20BC
:1027300000F096FA782000F0A7FA3A2000F090FA1C
:10274000632000F0A1FA072000F08AFA732000F05D
:102750009BFA072000F084FA642000F095FA052027
:1027600000F07EFA742000F08FFA052000F078FA6D
:10277000652000F089FA022000F072FA752000F05E
:1027800083FA022000F06CFA672000F07DFA232023
:1027900000F066FA772000F077FA232000F060FA64
:1027A000692000F071FA082000F05AFA792000F050
:1027B0006BFA082000F054FA6A2000F065FA132042
:1027C00000F04EFA7A2000F05FFA132000F048FA89
:1027D0006B2000F059FA132000F042FA7B2000F041
:1027E00053FA132000F03CFA6F2000F04DFA00205D
:1027F00000F036FA7F2000F047FA002000F030FAAF
:10280000502000F041FA002000F02AFA522000F097
:102810003BFAD62000F024FA532000F035FA0820C5
:1028200000F01EFA542000F02FFA082000F018FAE9
:10283000552000F029FA1E2000F012FA562000F070
:1028400023FA1C2000F00CFAA02000F01DFA2B2027
:1028500000F006FA242000F003FA002000F000FA4D
:10286000A12000F011FA872000F0FAF9A22000F070
:102870000BFA862000F0F4F9A52000F005FA0020FC
:1028800000F0EEF9A62000F0FFF9002000F0E8F9D2
:10289000A72000F0F9F9002000F0E2F9A82000F0EC
:1028A000F3F9362000F0DCF9A92000F0EDF97E20E4
:1028B00000F0D6F9AA2000F0E7F97E2000F0D0F968
:1028C000B92000F0E1F9852000F0CAF9BA2000F043
:1028D000DBF9842000F0C4F9BB2000F0D5F9832097
:1028E00000F0BEF9BC2000F0CFF9822000F0B8F96A
:1028F000BD2000F0C9F9812000F0B2F9BE2000F03F
:10290000C3F9802000F0ACF9BF2000F0BDF9012030
:1029100000F0A6F9C02000F0B7F9022000F0A0F9FD
:10292000C12000F0B1F9002000F09AF9C22000F0B7
:10293000ABF9002000F094F9C32000F0A5F90020C5
:1029400000F08EF9C42000F09FF9332000F088F9E0
:10295000C52000F099F97E2000F082F9C62000F031
:1029600093F97E2000F07CF9C82000F08DF9332027
:1029700000F076F9332000F073F9C92000F084F9F3
:10298000682000F06DF9CA2000F07EF9692000F09F
:1029900067F9CB2000F078F96A2000F061F9CC20CB
:1029A00000F072F96B2000F05BF9CD2000F06CF9BB
:1029B000332000F055F9332000F052F9CE2000F01A
:1029C00063F96C2000F04CF9CF2000F05DF96D2028
:1029D00000F046F9D02000F057F96E2000F040F9E1
:1029E000D12000F051F96F2000F03AF9AB2000F04F
:1029F0004BF9032000F034F9672000F031F9AC20E6
:102A000000F042F9032000F02BF96B2000F028F9C8
:102A1000AD2000F039F9032000F022F9682000F021
:102A20001FF9AE2000F030F9032000F019F96C20F6
:102A300000F016F9B32000F027F9002000F010F99B
:102A4000B42000F021F9002000F00AF9B52000F0D0
:102A50001BF9002000F004F9B62000F015F932202F
:102A600000F0FEF8B72000F00FF97E2000F0F8F833
:102A7000B82000F009F97E2000F0F2F8E02000F024
:102A800003F9002000F0ECF8E12000F0FDF803204D
:102A900000F0E6F80F2000F0E3F8E22000F0F4F890
:102AA000042000F0DDF8E32000F0EEF8012000F053
:102AB000D7F8E42000F0E8F80E2000F0D1F8E52087
:102AC00000F0E2F8012000F0CBF8E62000F0DCF89E
:102AD000192000F0C5F8E72000F0D6F8102000F02B
:102AE000BFF8E82000F0D0F8102000F0B9F8EA2094
:102AF00000F0CAF8122000F0B3F8EB2000F0C4F8A0
:102B0000D02000F0ADF8EC2000F0BEF8042000F07A
:102B1000A7F8ED2000F0B8F8072000F0A1F8EE20AB
:102B200000F0B2F8072000F09BF8EF2000F0ACF8BE
:102B3000092000F095F8F02000F0A6F8D02000F071
:102B40008FF8F12000F0A0F80E2000F089F817208F
:102B500000F086F8F22000F097F82C2000F080F8C2
:102B60001B2000F07DF80B2000F07AF8202000F008
:102B700077F8E92000F088F8292000F071F8EC20BF
:102B800000F082F8042000F06BF8352000F07CF8AB
:102B9000002000F065F8442000F076F8002000F0F6
:102BA0005FF8102000F05CF8462000F06DF810206F
:102BB00000F056F8FF2000F067F8002000F050F811
:102BC0003A2000F061F8052000F04AF8362000F0C5
:102BD0005BF8A02000F044F8112000F055F8DC204C
:102BE000FDF73AFF292000F04FF8C820FDF734FF29
:102BF00010BD000010B582B040F20044C4F60004DD
:102C00008DF80700204604210022FEF715F847F64C
:102C10001070C2F200000DF107010122FF23FEF740
:102C2000A5FF204604210122FEF706F802B010BDE0
:102C3000B0B540F60005C4F600050446284610214C
:102C40000122FDF7F9FF200AFFF7D4FFE0B2FFF7FA
:102C5000D1FF284610210122FDF7EEFFB0BD000094
:102C6000B0B540F60005C4F600050446284610211C
:102C70000122FDF7E1FF2046FFF7BCFF28461021A7
:102C80000122FDF7D9FFB0BDB0B540F60005C4F68E
:102C900000050446284610210022FDF7CDFF2046FE
:102CA000FFF7A8FF284610210122FDF7C5FFB0BDA0
:102CB00080B582B041F24800C4F2020001680022EF
:102CC00041F0010101600068052100F00100019060
:102CD00001980F20FEF74EF80F20FEF747F802B0DC
:102CE00080BD000080B503F075FE012818BFFDF718
:102CF00093FD80BD2DE9F04F87B0002741F24C00D5
:102D00000697CDE90477CDE90277C4F202000168A5
:102D100040F6000A41F0100101600168C4F6000AA3
:102D200001F01001019101990168002241F00401B4
:102D3000016001684FF0080901F004010191019957
:102D4000016841F080010160016801F0800101919A
:102D50000199016841F001010160016801F0010180
:102D600001910199016841F002010160016801F0DF
:102D7000020101910199016841F0080101600068B8
:102D8000082100F00800019001985046FDF754FF1B
:102D90004FF09040402100224FF0400BFDF74CFFD8
:102DA00050461021012210240125FDF745FFAAF508
:102DB0008068404606210122FDF73EFF02AE0AF57B
:102DC00000603146CDE902B70495FDF759FE4FF496
:102DD0000150CDE90207504631460495FDF750FEFB
:102DE00050463146CDE90295CDE90477FDF748FE1E
:102DF0000420CDE902074FF0904031460495FDF7DD
:102E00003FFE4FF090403146CDE902B5CDE9047761
:102E1000FDF736FE02A8B0C00224504631460594A4
:102E2000FDF72EFE062002A9A1C1404631460594B9
:102E3000FDF726FE07B000F000B830BCBDE8C08F3B
:102E4000B0B547F6107043F2000EC2F20000C4F2B3
:102E5000010E4FF482724FF400434FF4E06C0021F6
:102E60004FF400740825C0E900E20722C0E9023CE3
:102E7000C0E90411C0E90645C0E90811C0E90A1219
:102E8000C0E90C15FEF7CCFD002818BFFDF7C4FC07
:102E9000B0BD000010B584B047F6747041F2000177
:102EA000C2F20000C4F2000100244F2240F2E733D6
:102EB00080E8160080210394CDE90144C36081615C
:102EC000FEF7A0FF002818BFFDF7A6FC47F67470B8
:102ED000C2F2000001A901940394FEF731FF00281B
:102EE00018BFFDF799FC04B010BD000080B548F292
:102EF0000C0043F60001C2F20000C4F201010023FD
:102F00004FF00C0C4FF4E13280E80E00C0E90333BF
:102F1000C0E905C3C0E907334362FFF74DFA002853
:102F200018BFFDF779FC80BDFEE70000FEE700005A
:102F300000F0070080F00703042B28BF04234FF0A4
:102F4000FF3C03380CFA03F338BF0020994381405B
:102F50000CFA00F022EA000008437047000000006D
:102F6000EFF30980BFF36F8F154B1A681EF0100F37
:102F700008BF20ED108A20E9F04F10604DF8043DA5
:102F80004FF0500080F31188BFF34F8FBFF36F8F66
:102F900005F062FE4FF0000080F311885DF8043BFD
:102FA0001968086800F00EB81EF0100F08BF00F096
:102FB0000EB880F30988BFF36F8F704700BF00BF62
:102FC0009480002030C8B0E8C04FFFF7EDBFB0ECF0
:102FD000088AB0EC08CAFFF7ECBF00002DE9F04109
:102FE00041F20004C4F20204E2680E4691078046F2
:102FF00013D0E168D8F8000001F0030181420AD142
:1030000048B1E068D8F80410C0F3021001308842DB
:1030100001D100253AE0012538E0D8F80000032866
:103020000DD0022819D0012821D12168012301F0F7
:103030000202C1F3400183EA5205D9B926E02168B2
:1030400089034FF0010149D4226802F4802381EA08
:103050009345C2F3804169B918E02168012301F466
:103060008062C1F3802183EA922519B90EE001251F
:10307000002159B1E168D8F8042021F073016FF004
:103080000F0303EB021208431043E06015B128461A
:10309000BDE8F081206820F080602060FDF7D2FD5F
:1030A000074600BF2068000105D5FDF7CBFDC01B1A
:1030B0000328F7D30325002DE9D1012E12D02EBB12
:1030C000206948F2FF01CFF6FD710140D8E90220E6
:1030D0000023CFF6FE7303EA403027E000250029E5
:1030E000C8D1D3E748F2FF012069CFF6FF1101F103
:1030F000B4610140D8F810000023CFF6E073D8F88F
:10310000082003EB00506FF314000FE0206948F231
:10311000FF01CFF6FF110140D8F814004FF07E43B5
:10312000D8F8082003EB006000F07E4041EA02215D
:1031300008432061206840F080602060FDF782FD38
:10314000064600BF2068000105D4FDF77BFD801B0B
:103150000328F7D30325002D99D1D8F81800216949
:10316000084320612846BDE8F08100002DE9F041C8
:1031700041F20004C4F20204E2680E469107804660
:1031800013D0E168D8F8000001F0030181420AD1B0
:1031900048B1E068D8F80410C0F30210013088424A
:1031A00001D100253AE0012538E0D8F800000328D5
:1031B00017D002280BD0012821D12168012301F06A
:1031C0000202C1F3400183EA5205D9B926E0216821
:1031D000012301F48062C1F3802183EA922589B939
:1031E0001CE0216889034FF001016AD4226802F4CF
:1031F000802381EA9345C2F3804119B90EE001258D
:10320000002159B1E168D8F8042021F073016FF072
:103210000F0303EB021208431043E06015B1284688
:10322000BDE8F081206820F080502060FDF70AFDA5
:10323000074600BF2068800005D5FDF703FDC01BD1
:103240000328F7D30325002DE9D160697EB148F248
:10325000FF01CFF6FF110140D8F810004FF07E4378
:10326000D8F8082003EB006000F07E400BE048F245
:10327000FF01CFF6FD710140D8E902200023CFF60F
:10328000FE7303EA403041EA02210843606120688E
:1032900040F080502060FDF7D5FC06462068800095
:1032A00005D4FDF7CFFC801B0328F7D30325002DA1
:1032B000B5D1D8F814006169084360612846BDE8BB
:1032C000F081002500299DD1A8E70000B0B582B0AB
:1032D00041F25805C4F2020529680446C90015D414
:1032E000286840F080502860286800F080500190E5
:1032F0000198FDF78FFD296821F080512960B0F514
:10330000007F08D0802C0DD9032015E0FDF782FD49
:10331000B0F5007FF6D1812C0DD30120A02C88BF01
:10332000022009E0A4F17000B0FA80F04009802C7E
:1033300008BF022000E0002042F20001C4F20201B6
:103340000A6822F0070202440A60096801F00701D6
:10335000081A18BF012002B0B0BD000070B51546B4
:103360000E464FF4C05132462B46044600F018F882
:1033700068B9204631462A4600F08AF838B9204616
:103380004FF4C06132462B4600F00AF828B1206E97
:1033900040F020002066032070BD002070BD0000BA
:1033A0002DE9F04F83B04FF000091E4690460D46C0
:1033B00083468DF80790FDF745FC301A00EB0807AF
:1033C000FDF740FC40F20001C2F20001096823222F
:1033D0005143090DDBF800A079430291DAF8081097
:1033E00029424DD0064608F1010407E00298013851
:1033F0000290DBF800008068284214D0B5F5C06F59
:1034000005D19AF80C008DF807009DF80700002CF4
:10341000EFD0FDF717FC801BB84207D202980028B6
:10342000E4D10027E5E74FF0000929E0DBE90001DE
:103430004268B1F5827F22F0E00242600BD1DBF8F6
:103440000810B1F5004F02D0B1F5806F03D10168CB
:1034500021F040010160DBF82810B1F5005F07D1D1
:10346000016821F400510160016841F400510160DC
:1034700001208BF85D0000208BF85C004FF0030901
:10348000484603B000F000B830BCBDE8C08F000073
:10349000F0B581B015460E460446FDF7D3FB281A59
:1034A0008719FDF7CFFB40F20001C2F20001096865
:1034B000C1F3CB317943009121688968090602D4B0
:1034C000002001B0F0BD0546013606E00098013845
:1034D0000090206880680006F2D5002EF9D0FDF734
:1034E000B1FB401BB84204D200980028EED100275F
:1034F000EFE7D4E900014268B1F5827F22F0E002F3
:1035000042600AD1A168B1F5004F02D0B1F5806FD9
:1035100003D1016821F040010160A16AB1F5005FAB
:1035200007D1016821F400510160016841F40051A4
:103530000160012084F85D00002084F85C00032015
:1035400001B0F0BD0000000000000000000000001D
:10355000074B1968086800F00DB880F30988BFF3BD
:103560006F8F4FF0000080F31188704700BF00BFDD
:103570009480002030C8B0E8C04FFFF7EEBF0000D5
:1035800080B54FF0500080F31188BFF36F8FBFF309
:103590004F8F05F0DFFD30B14EF60450CEF2000043
:1035A0004FF080510160002080F3118880BD000041
:1035B00010B596B005A84421FCF780FE00200490C9
:1035C000CDE90200CDE900004FF40070FDF7E6FB05
:1035D00010BB0120032405904FF48031CDE9104049
:1035E00014200691022112900720CDE9130105A8AD
:1035F0000F911591FDF74EFF70B90F20CDE9000432
:103600000020CDE90200049068460421FDF7CAFDC0
:10361000002804BF16B010BDFDF7FEF84EF6885026
:10362000CEF20000016841F47001016070470000B3
:1036300080B547F67470C2F20000FEF791FC80BDC1
:1036400080B547F6C070C2F20000FEF789FC80BD6D
:1036500080B540F6FF32D0F800C0C4F200029042BC
:103660000FDCB0F1804F1ED040F20042C4F20002E5
:10367000904218D040F60002C4F20002904212D0EC
:1036800016E040F60042C4F2000290420BD043F232
:103690000042C4F20102904205D042F60042C4F258
:1036A0000102904204D14A682CF0700342EA030CF4
:1036B00042F6FF32C4F20102904214DD43F6FF727B
:1036C000C4F2010290421ADD44F20002C4F2010287
:1036D00090422DD044F60002C4F20102904227D05D
:1036E00044F2004213E040F2FF72C4F20002904242
:1036F00012DCB0F1804F1BD040F2004214E042F6E1
:103700000042C4F20102904212D043F20042C4F2DD
:10371000010290420CD010E040F60002C4F2000218
:10372000904205D040F60042C4F20002904204D11B
:10373000CA682CF4407342EA030C8A680B68D1F81B
:1037400014E0C262A0F18042A2F596324FEAB222A2
:10375000072A836207D8012303FA02F212F0E50F69
:103760001CBF0969016302682CF0800142F0040269
:1037700041EA0E01026001224261016080BD000049
:1037800080B5416A0A070CD4CA0715D18A071ED42E
:103790004A0727D4CA0630D48A0639D44A0657D5F0
:1037A00041E00268D0F834C0536823F4004343EA90
:1037B0000C035360CA07E9D00268D0F828C05368E8
:1037C00023F4003343EA0C0353608A07E0D5026810
:1037D000D0F82CC0536823F4803343EA0C035360C1
:1037E0004A07D7D50268D0F830C0536823F4802345
:1037F00043EA0C035360CA06CED50268D0F838C03D
:10380000936823F4805343EA0C0393608A06C5D57A
:103810000268D0F83CC0936823F4005343EA0C03D9
:1038200093604A0614D50268D0F840C05368BCF5CE
:10383000801F23F4801343EA0C03536008D1D2F8AD
:1038400004C0D0F844E02CF4C00343EA0E035360F4
:10385000090658BF80BD0168806C4A6822F40022C6
:103860001043486080BD0000B0B582B0044600201F
:10387000C4F88400FDF7E6F92168054609680907E0
:103880001AD56FF07E4C20464FF4001100222B46D3
:10389000CDF800C000F0C4F970B100BF206850E856
:1038A000000F216820F0800041E80002002AF5D1D5
:1038B0002020E06703202FE020680068400724D51F
:1038C0006FF07E4C20464FF4800100222B46CDF84D
:1038D00000C000F0A5F9C0B1206850E8000F2168D1
:1038E00020F4907041E80002002AF5D1206850E8E9
:1038F000020F216820F0010041E80202002AF5D100
:103900002020C4F88000032006E02020E067C4F8EF
:103910008000002020666066002184F8781002B0E4
:10392000B0BD000080B5806AFEF7DEFB80BD000000
:10393000016851E8001F026821F4907142E8001309
:10394000002BF5D1016851E8021F026821F0010146
:1039500042E80213002BF5D1016E01290AD100BF04
:10396000016851E8001F026821F0100142E80013CD
:10397000002BF5D12021C0F880100021016681665E
:103980007047000080B500BF016851E8001F026861
:1039900021F0400142E80013002BF5D12021C1673E
:1039A0000021C166FEF7A2FD80BD000070B504468F
:1039B0002269D4E90213006866690A43E169324367
:1039C000066846F6F315CEF6FF750A432E403243DD
:1039D0000260426822F440521A43426048F20002F8
:1039E000A369C4F2000290421CBF266A3343866872
:1039F00026F430663343836044F6FF73C4F2000359
:103A000098424FF0100318DC44F20046C4F200065E
:103A1000B04227D044F60006C4F20006B04228D0D7
:103A200044F60046C4F20006B0423BD141F288039E
:103A3000C4F202031B689B092FE045F20006C4F2A2
:103A40000006B0421CD0904221D043F60006C4F2DA
:103A50000106B04226D141F28803C4F202031B687A
:103A60006BA61BE041F28803C4F202031B689B08AB
:103A700013E041F28803C4F202031B681B090CE047
:103A800041F28803C4F202031B681B0A05E041F2FD
:103A90008803C4F202031B689B0A59A603F00303C0
:103AA00056F82330904242F20040C0F2F40011D0A8
:103AB000B1F5004F1DD1082B00F25C800025DFE836
:103AC00003F0055563595C59595960000025FDF70D
:103AD00059FC59E0082B1AD80026DFE803F0051836
:103AE0001F181C1818183E000026FDF74BFCB0B933
:103AF00038E0082B64D80025DFE803F0055E6C622F
:103B00006562626269000025FDF73CFC62E000200E
:103B1000012620B926E00026FDF75CFC10B36268A0
:103B2000012502EB4201884265D31103884262D825
:103B3000010E000210EB520041F100010023FCF7DE
:103B40003FFB4FF6FF42A0F54071C0F20F029142D9
:103B50000AD821683546C8604DE04FF40040002681
:103B60000028DCD1354646E0012544E00025FDF77C
:103B70001DFC09E00020012506E00025FDF72AFCD8
:103B800002E04FF400400025A8B361684A0802EB48
:103B90004000B0FBF1F04FF6EF72A0F1100191423E
:103BA00008D84FF6F0710140C0F342002268084483
:103BB000D06020E001251EE00025FDF7F7FB09E0BD
:103BC0000020012506E00025FDF704FC02E04FF48B
:103BD0000040002578B161684FF6EF7200EB5100AC
:103BE000B0FBF1F0A0F11001914203D8216880B23E
:103BF000C86000E0012500212846A166E16670BD8D
:103C000000000000040000000200000008000000A6
:103C10000100000004000000020000000800000095
:103C20002DE9F04381B004460068C0690840401A9D
:103C3000B0FA80F0400990423DD1DDF82080154671
:103C40000E46994608F1010709E000BF2068C069E7
:103C50003040801BB0FA80F04009A8422FD1002FDD
:103C6000F4D0FCF7EFFF0146B8F1000F4FF003006E
:103C700026D0A1EB0901414522D8206801684907F7
:103C8000E4D5402EE2D0802EE0D0C16909071AD4D5
:103C9000C1690905DAD54FF4006101622046FFF7DA
:103CA00047FE2020C4F88400002084F87800032018
:103CB00001B0BDE8F083002001B0BDE8F083002032
:103CC00001B0BDE8F083082505622046FFF730FE0D
:103CD0000020C4F8845084F87800012001B0BDE8C9
:103CE000F083000080B540F20410C2F200004FF4EF
:103CF000A071FCF7E3FA40F20010C2F200000021CC
:103D0000016080BD2DE9F0412DED048B40F20014DF
:103D1000C2F20004216840F2041608444FF0000883
:103D2000C2F20006B7EE009A0027206004E000BF50
:103D30002837B7F5A07F4AD0F51995F82400002858
:103D4000F6D028690028F3D06868B0EE498A98B1A7
:103D50002168F25901EE100A891A00EE101AB8EE25
:103D6000400AB8EE411A80EE018AB4EE498AF1EEBB
:103D700010FAC8BFB0EE498A6869B0EE480A10B1BF
:103D8000B0EE480A8047D5E90202E969121A01EE4D
:103D9000102AB8EEC11A20EE010ABDEEC00A10EEDC
:103DA000102A10442A69106009B1286A8847B4EEC5
:103DB000498AF1EE10FABBDBA969D5E903020029B3
:103DC000106085F82480B3D0286A8847B0E7BDEC3E
:103DD000048BBDE8F081000080B502F003F880BDDF
:103DE0002DE9F04F89B000F091FC8246E820F021E7
:103DF000F822FFF7F1FF029088209A21AE22FFF708
:103E0000EBFF06463D20AE21EB22FFF7E5FF07461C
:103E10000AF101033CA203A8182105F019FB40F2A6
:103E20000608C2F20008B8F90450B8F906400820A4
:103E300012211E22FFF7D0FFCDE9004040460021AD
:103E400000222B464FF0000902F04EF9B8F904B0F9
:103E50000B2022213622FFF7BFFF05461C200090D1
:103E60004046002100225B46019502F03DF9B8F979
:103E7000043002200090404600211B22019702F0EE
:103E800033F94AF664710AEB4A00C0F6000101EB0F
:103E90008000D0E90135029C40460C2107220094A5
:103EA00002F0F0FB4046522107222B46009602F01A
:103EB000E9FB40464FF4BE71072203AB009702F0C6
:103EC000E1FB4FF4AA76052410E000BF5FFA89F009
:103ED00006EBC0014046142205230094019502F030
:103EE00003F9B9F1040F09F1010909D2D1453D46A1
:103EF000ECD028203D215222FFF76EFF0546E5E772
:103F000009B000F005B800BF25752F35000000008E
:103F100030BCBDE8C08F00002DE9F047A0B03D20C7
:103F2000AE21EB22FFF758FF0DF15C080146404639
:103F300000F0DEFE5720DC218E22FFF74DFF0DF151
:103F4000500A0146504600F0D3FEF620B821522216
:103F5000FFF742FF0DF144090146484600F0C8FE54
:103F60000C215E20C0F22801C0F21C000E9101F16C
:103F70006802D0310F90CDE90C20CDE90A1038202D
:103F8000C0F21800099040F24E10C0F22A00BA2286
:103F90000890A8200C21C0F21C0240F26026C0F25A
:103FA0001200C0F252010592C822C2F20006079028
:103FB0000691C0F24E0201F5D0110C3033681AADF3
:103FC00004920390029133A22846182105F040FA8A
:103FD00040F20607C2F20007012432A20EA93846B9
:103FE0004346009401F038FF002430A20CA9384663
:103FF0005346009401F030FF2EA20AA938464B46E2
:10400000009401F029FF40F20504C2F20004227876
:1040100008A93846534602F0ADFB20784BF2AA01BE
:104020004BF2C803C0F60001C0F60003BDF85240D1
:10403000002808BF0B4638464FF4A7714822009469
:1040400002F020FBBDF85E4038460C2146222B468C
:10405000009402F017FB327806A93846434602F076
:1040600097F932686420009004A938460023CDF8FF
:10407000049002F019FA40F20400C2F20000027843
:104080000EA302A93846CDF800A001F035FF20B0FC
:10409000BDE8F08770726F677265737320256C647A
:1040A000252500005072696D6172790047686F7351
:1040B0007400000044616E676572000063686563A8
:1040C0006B6564206F7074696F6E00002DE9F047B6
:1040D000A2B03D20AE21EB22FFF77EFE0DF14C0990
:1040E0000146484600F004FE5720DC218E22FFF7EF
:1040F00073FE0DF1400A0146504600F0F9FDF6202E
:10410000B8215222FFF768FE0DF1340801464046FF
:1041100000F0EEFDBA20C0F246000B900C20C0F279
:104120002A000A90AA20C0F212000990E120C0F2F1
:104130003400DA2108905420C0F25201C0F21E006F
:1041400006915E310790CDE904100620192101F097
:10415000EFFB1CAF034629A23846182105F078F979
:104160000720012101F0E4FB16AD034626A22846F4
:10417000182105F06DF940F20606BDF84E40C2F276
:10418000000624A330460C212022009402F07AFA83
:104190004620142149F6D052CDE90010C0F60002A5
:1041A0000AA930460C23CDF8089002F0EBF9BDF8CF
:1041B00042401EA33046E1212222009402F062FA1E
:1041C00040F26020C2F20000027808A9304653464F
:1041D00002F0DEF81AA206A930463B46CDF8008070
:1041E00001F0B8FF17A204A930462B46CDF800A075
:1041F00001F0B0FF22B0BDE8F08700BF74656D70BC
:1042000020256C64204300006D6F646520256C647C
:1042100000000000737061726B6C696E653A207308
:10422000656E736F72207472656E6400736572766A
:104230006963652070726F706572747900000000A8
:10424000540000004D000000B0B582B01C203221A7
:104250004622FFF7C1FD40F2060584468620C2F2E1
:104260000005009028460C2186224FF4D073CDF82B
:1042700004C001F0C5FF88209A21AE22FFF7ACFDF3
:10428000044604A328460E217C22009402F0FAF989
:1042900002B0B0BD4C4546542F5249474854207097
:1042A0006167652020454E54455220616374696FF3
:1042B0006E20204241434B20686F6D650000000076
:1042C0002DE9F043A3B0BE250C27C0F20E05C0F2C5
:1042D0001F073D20AE21EB2213951297FFF77CFDBF
:1042E0000FAC0146204600F003FD5720DC218E2252
:1042F000FFF772FD0CAE0146304600F0F9FCF620E7
:10430000B8215222FFF768FD0DF12408014640460E
:1043100000F0EEFC05F57F1000F57F5007F5102149
:10432000CDE9061097217E20C0F22801C0F24E0090
:1043300004918B310590CDE902100220002101F09B
:10434000F7FA1CAD03463BA228461C2105F080F875
:1043500040F24820C2F2000003680DF1540939A26E
:1043600048461C2105F074F8BDF83E0040F20607EF
:10437000ADF850000C20ADF8520040F25020C2F2CF
:104380000007C2F2000012AA14AB394600F07EFF0B
:104390002FA230A306A93846009401F0DBFEBDF839
:1043A0003E4030A338463C214822009402F06AF98E
:1043B000BDF838402EA338463C215B22009402F021
:1043C00061F92EA22EA304A93846009601F0C2FE80
:1043D000BDF832602DA33846C7214822009602F06E
:1043E00051F9BDF838603846C7215B222B4600964C
:1043F00002F048F92AA22CA302A93846CDF8008081
:1044000001F0A8FEBDF826602CA338464FF4A97130
:104410004822009602F036F9BDF82C6038464FF479
:10442000A9715B224B46009602F02CF923B0BDE83F
:10443000F08300BF68656172746265617420256CE9
:10444000640000006672616D6520256C75000000D7
:104450005549000050616765206C69666563796342
:104460006C6500006F6E65207461736B0000000066
:104470006E6F207569206D75746578004255530024
:104480004D657373616765427573000050726F709C
:1044900065727479206475616C6275660000000055
:1044A000454755490000000052656E6465726572AB
:1044B0002041646170746572000000004C43442028
:1044C00042535020666C757368000000F0B591B0DF
:1044D0003D20AE21EB22FFF77FFC0EAC01462046CB
:1044E00000F006FC5720DC218E22FFF775FC0BAE96
:1044F0000146304600F0FCFBF620B8215222FFF7BF
:104500006BFC08AD0146284600F0F2FB40F20410B7
:10451000C0F2600007900C20C0F2240040F2261187
:1045200006905420C0F22801C0F21400049101F555
:10453000E01201F5601140F206070590CDE9022076
:10454000CDE9001040F26C20C2F20007C2F2000078
:1045500006AA3946234602F0EFFA0AA204A9384611
:10456000334601F043FC09A202A93846234601F074
:104570003DFC08A2694638462B4601F037FC11B0D5
:10458000F0BD00BF5245414459000000535441540E
:10459000494300004C56474C204F4B00F0B599B0B2
:1045A0003D20AE21EB22FFF717FC16AD0146284651
:1045B00000F09EFB5720DC218E22FFF70DFC13AC90
:1045C0000146204600F094FBF620B8215222FFF766
:1045D00003FC10AE0146304600F08AFB0C21BE20E1
:1045E000C0F22601C0F21C000E9101F1CE0201F5CD
:1045F00010110F90CDE90C200B90CDE90901DA20C4
:10460000C0F24A00089078200C21C0F21200C0F2DB
:1046100070010790069186310A30CDE904103820E8
:10462000C0F21400039040F2401040F20607C0F2BE
:104630006F00C2F20007029018A219A30EA9384613
:10464000009501F087FD1AA21AA30CA93846009420
:1046500001F080FD1AA21BA30AA93846009601F0BA
:1046600079FD1CA21CA308A93846009501F072FD33
:104670001DA306A938460122009401F03DFC1EA3AB
:1046800004A938460122009401F036FC02A93846FC
:104690000122334602F06EF819B0F0BD410000006F
:1046A00041646170746572206F6E6C790000000067
:1046B00050000000504642207374726970657300A8
:1046C00053000000537461746963206D656D6F72EF
:1046D000790000004C0000004C56474C2072656188
:1046E00064792041504900006E6F2065677569202C
:1046F000696E207061676500736572766963652015
:1047000069736F6C61746564000000004AF664723E
:104710000021C0F6000200BF01EB410332F8233054
:10472000834204D0042901F10101F5D30021C8B26C
:104730007047000080B586B049F67C50C0F6000096
:104740008268D0E900100292CDE9001040F24820C2
:10475000C2F200000021016040F24C20C2F20000D1
:10476000016040F26020C2F200002322026040F2A9
:104770006820C2F200001922026040F20500C2F275
:1047800000000122027040F20400C2F20000027038
:1047900040F26420C2F20000017040F24420C2F2F4
:1047A000000001701420039044F65D00C0F6000084
:1047B000049044F69500C0F60000059040F26C208D
:1047C000C2F2000003A90422182302F051FA40F2B9
:1047D0005020C2F200000AA14FF4D27200F08AFD0C
:1047E0006846002100F012FC44F69120C0F600005B
:1047F00000F0A4FF012000F0AFFF06B080BD00BFB5
:1048000047656E65726963205549204672616D6522
:10481000776F726B3A2076696577706F7274206378
:104820006C6970706564206D617271756565206377
:104830006F6D706F6E656E740000000080B582B0A1
:1048400040F20601C2F2000149680020CDE90001F2
:10485000684600F07DFA02B080BD0000002918BF54
:10486000002A00D1704780B50FF2140C03460846A9
:104870001146624604F0ECFDBDE88040704700BF81
:1048800050726F7669646572206974656D20256C5D
:1048900075000000B0B58EB00346F420C0F23A00B7
:1048A0000D905C20C0F22A0002AD0C9007A22846B1
:1048B000282104F0CDFD00240BA10CA82A465A2380
:1048C0000094019400F054FE0EB0B0BD766972748D
:1048D00075616C20726F7720256C752073656C652F
:1048E00063746564000000005669727475616C2021
:1048F0004C6973740000000080B54CF6CD41CCF6D5
:10490000CC41A0FB0112910801EB8101401A40F259
:104910004421C2F20001087000F084F900F03CFF6D
:1049200080BD000010B586B040F28010C0F21E00BD
:1049300005900C20C0F2520004907E20C0F24E0080
:1049400003909720C0F228000290B220C0F21E000F
:104950000190DA20C0F25200009001F0E3FF40F233
:104960000604C2F20004A08001F0DAFFE0801BA17F
:10497000012001F015F81EA1032001F011F822A179
:10498000042001F00DF840F24C20C2F20000016852
:10499000022000F0F7FF40F26020C2F20000016840
:1049A000052000F0EFFF40F26820C2F2000001682D
:1049B000062000F0E7FF0720012100F0E3FF02A935
:1049C000022000F007FF04A9052000F003FF69465C
:1049D000062000F0FFFE06B010BD00BF456D626509
:1049E000646465644755492044656D6F00000000AC
:1049F00052656E646572657220616461707465727F
:104A000020726561647900004D657373616765426A
:104A10007573202B2050726F706572747953746FA8
:104A2000726500007047000010B504460088FFF76B
:104A3000D7F920880238032808D8DFE800F0020CF4
:104A40001116FFF769FAFFF7FFFB10BDFFF738FCFF
:104A5000FFF7FAFB10BDFFF739FDFFF7F5FB10BDBF
:104A6000FFF734FBFFF7F0FB10BDFFF797FDFFF7F3
:104A7000EBFB10BD80B50088FFF748FE40F24421F3
:104A8000C2F200010870FFF7D9FE80BD7047000038
:104A9000013881B204298FBF002000B201A151F872
:104AA000200070476C0000201400002098000020B7
:104AB00040000020C4000020B0B584B000296DD0B3
:104AC00040F24420C2F20000057803200C46FFF7B4
:104AD0001DFE854213D12078072810D8012101FA44
:104AE00000F010F0A60F0AD040F26C20C2F20000D5
:104AF000214602F07DF8FFF7A1FE04B0B0BD20789A
:104B0000013806284AD8DFE800F04B514B51045DCC
:104B10000400F420C0F23A00039040F20500C2F213
:104B20000000017840F20403C2F20003B1FA81F1FF
:104B30001D7849090170B5FA85F040F26025C2F28E
:104B4000000529684009187001F10A004FF2CB01F5
:104B5000C2F68D0150FB01F10B1103EBD1716523FE
:104B600001FB130140F26420C2F200005C220378D2
:104B7000C0F22A0202925A1C02F0030202700520BF
:104B8000296000F0FFFE002511A114A202A83C2319
:104B90000095019500F0ECFCFFF750FE04B0B0BDAD
:104BA000681E002D08BF0420C0B20CE04CF6CD41B9
:104BB000681CCCF6CC41A0FB0112910801EB8101ED
:104BC000401A00E00020FFF797FE04B0B0BD00BF20
:104BD000546F702057696E646F7700006D6F646169
:104BE0006C20696E74657263657074656420696EAB
:104BF0007075740080B549B14888002808BF80BD31
:104C000003A1042000F0CCFEFFF718FE80BD00BF1A
:104C10006D65737361676520636F6E73756D656431
:104C2000000000004CF6CD41CCF6CC41A0FB0112B7
:104C3000910801EB8101401A4AF6647100EB4000D3
:104C4000C0F6000131F820007047000070B540F256
:104C50004824C2F200042068411C4CF6CD40CCF63A
:104C6000CC40A1FB0002100900EB8002A1EB820204
:104C7000216082BB40F26026C2F2000631684FF22A
:104C8000CB020531C2F68D0251FB02F240F24C2CF0
:104C90001511C2F2000C05EBD2726525DCF800306C
:104CA00002FB151200F00F0040F268251930C2F225
:104CB0000005591C28600220CCF80010326000F07A
:104CC00061FE3168052000F05DFE2968062000F0D5
:104CD00059FEFFF7B3FD40F25020C2F20000BE21A2
:104CE00000F016FB2078C00708BFFFF7A7FD70BDD6
:104CF000B0B50D460446E820F021F822FFF76CF825
:104D0000208088209A21AE22FFF766F860800D206F
:104D10001E213022FFF760F8A0802B20422158226C
:104D2000FFF75AF8E0804FF4827025816081B0BDB2
:104D300080B540F28820C2F200004021FBF7BEFAA5
:104D400040F28420C2F200000021016080BD00001A
:104D50002DE9F041002808BFBDE8F08140F2842829
:104D6000C2F20008D8F80070044697B1D8F8007075
:104D700040F288253E46012F98BF0126C2F2000569
:104D80002846214600F04CF8A8B9013E05F1080577
:104D9000F6D1072F11D8781CC8F8000040F28820FF
:104DA000C2F200002268636800EBC70140F83720B8
:104DB0004B60BDE8F081284603E040F28820C2F253
:104DC0000000214600F002F8BDE8F08170B5B0F9AE
:104DD0000020B1F90040B0F90230B0F904C0B1F9D7
:104DE0000250B1F90460B0F906E0B1F90610A24230
:104DF0002644B8BF1446AB4262442944B8BF1D469E
:104E0000B242C8BF16460EEB03028A42C8BF114623
:104E1000321B491B048045808280C18070BD000028
:104E200080B5B0F900C0838803EB0C02B1F9003003
:104E30000FFA82FE5A1E724512DC8A889BB21A440F
:104E400012B2ACF1010393420ADCB0F902C0C0888F
:104E500000EB0C03B1F902001BB2421E9A4201DDC5
:104E6000002080BDC98880B2084401B2ACF10102C3
:104E700000208A42D8BF012080BD000010B540F25A
:104E8000842CC2F2000C8E46DCF80010714538BF4D
:104E90008E46002818BFBEF1000F0FD040F28821C7
:104EA000C2F20001A1F108030838714653F8082F37
:104EB00001395C6840F8082F4460F7D10021704642
:104EC000CCF8001010BD000010B550B3B0F800C011
:104ED0008388047A03EB0C0EB0F802C0C388002C60
:104EE00063440FFA83FCA0F800E043801CBF631EFC
:104EF0000372944507DA0FFA8EF38B4203DA017AD4
:104F0000002918BF10BD0CF11101012AD8BF0122E0
:104F100091FBF2F303FB1211002241801E2102805B
:104F2000017210BDF0B583B0F8B140F2D026C2F2E4
:104F3000000604463078C0B15220A021DC2200F0E7
:104F400051FF0546002700BFF019B0F91020B0F955
:104F50000E10931C081D1BB2009303B2204601954E
:104F600001F04EF90A37A02FEED103B0F0BD0000DA
:104F700080B540F2D020C2F20000B421FBF79EF9C8
:104F800080BD0000F0B54AF6AB21CAF6AA21A0FB0D
:104F9000011C4CF6CD4140F2D022CCF6CC41C2F2FD
:104FA0000002A0FB011EB2F906301B21B2F9084035
:104FB0000B2741430125012B00FB07F7D8BF2B46E8
:104FC000B1FBF3F6012CC8BF2546B7FBF5F406FB91
:104FD000131104FB157300EB800402EB4402D18132
:104FE0004FEA5C0101EB4101411A0131518200F0AD
:104FF0000101013191824FEA1E1101EB8101A0EB09
:105000008100143013829075F0BD0000002804BFA9
:105010000020704770B582B040F2D024C2F2000484
:1050200006460D462046B421FBF748F901202070C2
:1050300030687168B268C4F8020044F6C960C0F60E
:105040000000C4F80610C4F80A20002D18BF284636
:105050000025C4F8B00000BF2846FFF793FF0135D4
:10506000102DF9D1D4F80200D4F80610CDE90001D2
:105070006846FFF76DFE012002B070BDB0B582B08A
:1050800040F2D024C2F200042078A8B10E2500BF5F
:10509000D4F8B030B4F90610B4F908206019984774
:1050A0000A35AE2DF4D1D4F80200D4F80610CDE9BB
:1050B00000016846FFF74CFE02B0B0BD10B588B1E4
:1050C0000446807A20B1607B00281CBF204610BDBA
:1050D0006069FFF7F3FF002818BF10BDA069FFF754
:1050E000EDFF10BD002010BD10B550B1044600BF4B
:1050F000A069FFF7E3FF002818BF10BD2469002C4A
:10510000F6D140F2CC20C2F200000068FFF7D6FFD3
:1051100010BD000010B598B10146007840F2C824D7
:10512000C2F20004421E2068032A03D850B1FFF7E0
:10513000DBFF0EE020B1826A12B19047012010BD62
:10514000002010BD40F2CC20C2F200000068FFF742
:10515000B5FF00F011F82068002818BF012010BD2D
:1051600040F2CC20C2F200000021016040F2C820D1
:10517000C2F200000160704740F2C821C2F2000193
:105180000A68824208BF7047002A1CBF4FF4807330
:10519000A2F80B30002808601CBF40F20111A0F8F3
:1051A0000B10704780B540F2CC21C2F200010860BC
:1051B000FFF784FFFFF7E0FF80BD000010B582B06D
:1051C00040F28434C2F20004206810B1012002B021
:1051D00010BD40F2D03240F288334FF0000CC2F2E2
:1051E0000002C2F2000308200C21CDF800C003F039
:1051F000F7FD2060002818BF012002B010BD00009C
:1052000080B50A46014600284FF000000BD040F25E
:105210008433C2F200031B68002B08BF80BD184610
:10522000002303F009FE80BD70B540F2304604460D
:105230000025C2F2000603E00135042D08BF70BD51
:1052400056F83520002AF7D006EBC5004168204605
:105250009047F1E740F23040C2F200000021C0E97F
:105260000011C0E90211C0E90411C0E9061170473C
:10527000032888BF704740F2304CC2F2000C0CEBA0
:10528000C0034CF830105A607047000010B586B06B
:10529000002818BF002901D106B010BD002AFBD09C
:1052A000002BF9D0D0F800C0BCF1000FF4D0B1F859
:1052B00000E014884988A644548880882144ADF8C9
:1052C0000E10D1889488ADF814000020ADF81210AB
:1052D000ADF816000190ADF80A1003A801A96246C6
:1052E000ADF80CE0ADF81040ADF8084001F002FA5E
:1052F00006B010BD002808BF704701600021818002
:105300004FF01E1181600121C280017370470000BF
:1053100000B3B0F906208A421CDD4389002B1EBF72
:10532000591E41817047037B73B1511A828809B2BB
:10533000013213B28B428280B8BF704702898180EC
:10534000002101734281704700210289818001217F
:10535000017342817047000010B582B046F6983460
:10536000C2F20004206810B1012002B010BD46F660
:10537000E43246F69C334FF0000CC2F20002C2F257
:10538000000310202821CDF800C003F029FD206083
:10539000002818BF012002B010BD000080B50A46E9
:1053A000014600284FF000000BD046F69833C2F2B9
:1053B00000031B68002B08BF80BD1846002303F0C4
:1053C0003BFD80BD80B540F25040C2F20000017844
:1053D00011B10230FFF7BCFC40F25040C2F20000B5
:1053E0006421FAF76BFF80BD2DE9F04F87B00028EC
:1053F00000F0818040F25047C2F20007044638783E
:10540000002878D0EE20F421FA2200F0EBFC81464F
:105410009C20AC21BE2200F0E5FC80460F201A2122
:10542000272200F0DFFC064653207421962200F06C
:10543000D9FC8246F620B821522200F0D3FCB7F9FD
:105440000210B7F90420B7F90630B7F908508346BF
:1054500020460095019600F047FEB7F90800B7F91D
:105460000210B7F90420B7F9063000902046CDF8B5
:1054700004A000F0DDFFB7F90800B7F90210B7F992
:105480000420009020460423CDF804B000F02CFE48
:1054900079880C20ADF81A0001F10C00B988FB885E
:1054A000ADF8100001F10802ADF8080001F11E008E
:1054B000ADF81220A3F114021023ADF80A00122057
:1054C00006ADADF81420ADF81630ADF80C20ADF8EF
:1054D0000E0007F10A0204A920462B46ADF81890E9
:1054E00001F008F907F1220202A920462B46ADF887
:1054F000188001F0FFF807B000F000B830BCBDE83C
:10550000C08F000010B540F25041C2F200010A788D
:1055100072B1CA6D044612B1096E204690472CB193
:1055200020780538022801D8FFF74CFF012010BD74
:10553000002010BD80B540F25040C2F2000064214E
:10554000FAF7BCFE80BD000080B540F25040C2F2C8
:1055500000000178002908BF80BDB0F85A1031B1B1
:1055600001390A04A0F85A1008BFFFF72BFF80BDCD
:10557000002804BF002070472DE9F04740F2504555
:10558000C2F2000504460E46DDE908A9284664215A
:105590001F469046FAF792FE012028706068216845
:1055A000C5F80600C5F80210A5F85A70C5F85CA049
:1055B000C5F860902EB105F10A0031461722FAF7BE
:1055C00088FEB8F1000F05D005F1220041463722D0
:1055D000FAF77FFEA81CFFF7BBFB0120BDE8F087B0
:1055E00040F2B440C2F2000090F91810002954BFF4
:1055F00050F821000020704740F2B440C2F2000091
:105600000021C0E90011C0E90211C0E90411FF2125
:1056100001767047B0B5044600284FF0000022D054
:1056200040F2B445C2F20005297E042988BFB0BD0E
:1056300048B255F8200018B1C169002918BF884741
:10564000287EA1780130287640B245F8204029B95B
:10565000E16819B1204688470120A070216919B17D
:10566000204688470120B0BD0120B0BD70B550B3C1
:1056700040F2B446C2F20006044696F91800B0F1B2
:10568000FF3F24DD56F82050A5421ED04DB1E969F8
:1056900009B128468847296A19B128468847002059
:1056A000A870A07896F9181046F8214028B9E1684A
:1056B00019B1204688470120A070216929B12046F0
:1056C0008847012070BD002070BD012070BD2046BC
:1056D000FFF7A0FF70BD0000B0B50446FFF780FFE4
:1056E00005462046FFF70EFF012806D02046FFF7AB
:1056F00011FD002D18BF012800D1B0BDAA6A002AF3
:1057000008BFB0BD284621469047B0BD80B5FFF721
:1057100067FF002808BF80BD8169002918BF88473E
:1057200080BD000010B50446FFF75AFF28B1426A59
:10573000002A08BF10BD2146904710BD80B540F239
:10574000D041C2F200010860FFF756FFFFF708FDE5
:10575000FFF7F0FE80BD000080B540F2D041C2F2FC
:105760000001096849B1884738B1FFF753FF0128A4
:1057700003D100F025F8012080BD002080BD00008D
:1057800080B5FFF72DFF002808BF80BD41690029C3
:1057900018BF884780BD000080B540F2D041C2F2FA
:1057A0000001096849B1884738B1FFF75FFF012858
:1057B00003D100F005F8012080BD002080BD00006D
:1057C00080B5FFF70DFF002814BF40680020FFF7E9
:1057D000E9FC80BD10B500284FF0000C18BF00296F
:1057E00001D1604610BD40F6545E0022C2F2000EA8
:1057F00003E000BF0C32C02A11D00EEB020C9CF863
:105800000A30002BF6D03EF802308342F2D14868CD
:105810000968CCF806000120CCF8021010BD002267
:105820000EEB0204A37A33B10C32C02AF8D14FF048
:10583000000C604610BD4FF0010C84F80AC02EF831
:10584000020048680968C4F806006046C4F80210FF
:1058500010BD000080B540F65450C2F20000C021D7
:10586000FAF72CFD80BD000070B540F654550024B9
:10587000C2F2000504E000BF0C34C02C08BF70BDAC
:105880002E19B07A0028F7D0285B00F06FF80028B6
:10589000F2D0B01CFFF75CFA285B00F001F8EBE7F0
:1058A00040F614120021C2F2000200BF535A834294
:1058B00005D04431B1F5886F08BF7047F6E750183E
:1058C0000021C1707047000040F614120021C2F29E
:1058D000000200BF535A834204BF5018704744313E
:1058E000B1F5886F04BF00207047F3E710B540F2B0
:1058F000D44386464FF0000CC2F200030022002081
:105900009C5A9918744510D0002C18BF6146002885
:1059100002F1440208BF0846B2F5886FF0D10028B2
:105920001CBFA0F800E010BD10BD084610BD00006F
:1059300010B50C46FFF7C8FF18B18178012908BFE0
:105940004468204610BD000080B540F2D440C2F249
:1059500000004FF48861FAF7B1FC40F61410C2F26F
:1059600000004FF48861FAF7A9FC80BD80B5FFF70D
:10597000ABFF20B1C078002818BF012080BD0020F7
:1059800080BD000010B50C46FFF7B0FF00280FBF28
:10599000002040F201114180446018BF012010BD79
:1059A000B0B50D46FFF7A2FF0446002D4FF00000F2
:1059B00018BF002C00D1B0BD0320A070201D2946C7
:1059C0003F22FAF786FC002084F843000120E070B3
:1059D000B0BD00002DE9F04702F0B6FF40F2D44719
:1059E00040F614194FF00008C2F20007C2F2000995
:1059F0004FF0010A002603E04436B6F5886F0FD059
:105A0000BC19E0780028F7D009EB060528462146A6
:105A10004422FAF73AFC85F803A084F80380EBE708
:105A200002F0B0FFBDE8F087F0B581B040F6146138
:105A3000C2F200010A887F2A01D9002410E005463D
:105A4000501C40F61666088002EB8200C2F2000687
:105A500006EB0014070120465021FAF72FFCF555FC
:105A6000204601B0F0BD000080B5082012211E22A2
:105A700000F088FF80BD000040F61460C2F2000014
:105A800000210180704700008142C4BF0846704772
:105A90008242B8BF104600B270470000642828BF99
:105AA000642070472DE9F04F8BB00E4600284FF070
:105AB0000001079218BF002E03D108460BB000F07A
:105AC00009B9044607980028F7D0002BF5D01498A0
:105AD0000028F2D0B4F904700693012FC0F2F880C8
:105AE000B4F906A00021BAF1010FE6DBB4F9008099
:105AF0000021404600F03EFFB4F902508346ADF865
:105B000020002846002100F035FF8146ADF8220034
:105B100008EB0700A0EB0B00CBF5D67100B209B281
:105B2000CDF808B000F02AFF0446ADF8240005EBDC
:105B30000A00A0EB0900C9F18E0100B209B2CDF84C
:105B4000149000F01BFF0021012CADF826000A91F3
:105B5000A8BF0128B1DB029921444A1E0599019290
:105B600008440138049000B2039010B2009003E0A2
:105B7000012100200028A0D00798B6F90040B0F914
:105B8000008008AD0F4628462146424600F0D2FE6E
:105B900006998346B1F9009014992846B1F900A0FE
:105BA0004946524600F0C6FE50EA0B01E0D010EA2A
:105BB0000B0F03D000200021DCE700BFBBF1000F7A
:105BC000A1B218BF1BF008021BD1BBF1000F18BF18
:105BD0001BF0040224D1BBF1000F1FFA88F218BF9A
:105BE0001BF002032BD1BBF1000F39D0029BAAEBB3
:105BF0000800191B4843A9EB040190FBF1F0338026
:105C000028E0039AA9EB0400A2EB08025043AAEB98
:105C1000080290FBF2F008443080049807991BE0DA
:105C2000059BA9EB0400A3EB08025043AAEB080272
:105C300090FBF2F008443080079803800DE0009953
:105C4000AAEB0800091B4843A9EB040190FBF1F003
:105C5000019931800799104408800120394689E76D
:105C6000030708D4430717D48007AAEB080023D4FE
:105C7000029B191B23E0039AA9EB0400A2EB080284
:105C80005043AAEB080290FBF2F008440699088002
:105C9000149804990180E0E7059BA9EB0400A3EBAD
:105CA00008025043AAEB080290FBF2F00844069960
:105CB000088014980380D0E70099019B091B484392
:105CC000A9EB040190FBF1F006990B801499C2E74F
:105CD0000021F2E630BCBDE8C08F00002DE9F04F96
:105CE00089B000284FF0000575D00F46002972D00A
:105CF0009046002A6FD01C46002B6CD0DDF84890EF
:105D0000B9F1000F67D00646B4F9000001285BDB4B
:105D1000B9F90010012959DBB6F904A0BAF1010F55
:105D200056DBB6F90620012A54DB0492B7F90020AD
:105D3000B6F900B010440790B8F90000059206903B
:105D40000844089058460021002500F013FEB6F9DB
:105D5000026002903046002100F00CFE03900BEB35
:105D60000A0000B24FF4D67100F008FE01900498CA
:105D70008E21304400B200F001FE04900598029993
:105D800000F0F8FD82460698039900F0F3FD834683
:105D90000798019900B200F0F1FD064608980499B1
:105DA00000B200F0EBFD5645C8BF584513DDA6EB29
:105DB0000A01A0EB0B000125A7F800A0A8F800B08D
:105DC0002180A9F8000006E0002504E0002502E09B
:105DD000002500E00025284609B000F000B830BCDE
:105DE000BDE8C08F80B500F0CDFD80BD2DE9F0414C
:105DF00084B070B30E4661B31F4653B30546B6F97F
:105E000006009046B6F90010B6F90220B6F9043043
:105E10003C8900902846019400F066F9B6F9060026
:105E2000B6F90010B6F90220B6F90430FC880090EB
:105E30002846019400F0FCFA388803ABADF80C005A
:105E40004FF48670ADF80E0028463146424600F009
:105E500051FC04B0BDE8F0812DE9F04186B0002886
:105E600046D00E46002943D01F46002B40D00546A1
:105E70000C980821002808BF0421B6F906009046B6
:105E80007C5AB6F90010B6F90220B6F90430009039
:105E90002846019400F028F9B6F90600B6F900107A
:105EA000B6F90220B6F90430FC8800902846019427
:105EB00000F0BEFAB6F90600B6F90010B6F90220F5
:105EC0003C89009028460323019400F00DF938889E
:105ED0003168ADF814004FF48670ADF816007068A4
:105EE00005ABCDE9021002A92846424600F002FCAB
:105EF00006B0BDE8F08100002DE9F04786B000282B
:105F000060D00E4600295DD0DDF83890B9F1000F61
:105F100058D0B6F906700546B6F90010102FA8BF84
:105F200010277088B9F8064001309846924602B2B0
:105F300028463B460097019400F07AFABAF1000F28
:105F400023D07188308801F108030D31C21C07305D
:105F5000B9F8084009B2009111B21AB203B228464A
:105F6000019400F04DF97188308801F10D0304317E
:105F7000C21D0E30B9F8084009B2009111B21AB230
:105F800003B22846019400F03BF93088B1883844C8
:105F90000630ADF80C00708805ABADF80E00C81BDC
:105FA0000638ADF81000F088B9F80010ADF812000E
:105FB0000C20ADF81410ADF8160003A9284642468F
:105FC00000F098FB06B0BDE8F08700002DE9F04135
:105FD00084B0002800F084800D46002900F0808005
:105FE00004462878032800F27B80EE89DFE800F081
:105FF0000216293BB5F90400B5F9023049F60061F3
:1060000005F11002FF27CDE90006C0F60001204689
:10601000029701F049F904B0BDE8F081B5F9080034
:10602000B5F90210B5F90420B5F90630FF270125AE
:106030008DE861002046039700F020FF04B0BDE822
:10604000F081B5F90C00B5F90210B5F90420B5F9E5
:106050000A30FF27CDE900062046029701F010F92B
:1060600004B0BDE8F081B5F90210B5F90420B5F926
:1060700006304FF0FF0801272046CDE900270296A1
:10608000CDF80C8000F0FAFEB5F90210B5F9063033
:10609000B5F908202046CDE900270296CDF80C80FE
:1060A00000F0ECFEB5F90210B5F90800B5F90420CE
:1060B000CDE9000720460B460296CDF80C8000F093
:1060C000DDFEB5F90610B5F90800B5F90420CDE9F3
:1060D000000720460B460296CDF80C8000F0CEFE5D
:1060E00004B0BDE8F081000080B584B0DDF818C0D0
:1060F000ADF80E30ADF80CC050B3B0F800C0038955
:106100006144C91AADF80A10418843891144C91A7B
:10611000ADF808100DF10C0C0DF10A0102AA0DF1F9
:106120000E03CDF800C0FFF7D9FD88B10220FFF7BC
:106130007BFC68B1BDF80A10BDF80E204180BDF8A7
:10614000081042818180BDF80C10079A8181C281BC
:1061500004B080BD2DE9F04387B000284CD00E4636
:10616000002949D00E9C002C46D09146314622464B
:106170009846054600F0E2F87188F38830888A1D59
:106180002221ADF81410A3F10C0106302789ADF8D7
:10619000161009B2ADF81000ADF81220009101B24E
:1061A00012B2284622230197FFF79EFF208806ACF3
:1061B000ADF818004FF48670ADF81A0004A928460F
:1061C0004A46234600F096FA3088B1882E30ADF862
:1061D000080070884246ADF80A00A1F13200F1884B
:1061E000ADF80C000020ADF80E108DF81B0002A9D0
:1061F0002846234600F07EFA07B0BDE8F083000091
:10620000B0B584B098B3B0F800E004897144091BBC
:10621000ADF80E1041884589DDF820C00A44521BB4
:10622000ADF80C200EEB03026144121B491BADF8C4
:106230000A20ADF8081002AD0DF10E0103AA0DF110
:106240000A030095FFF72EFC88B10120FFF7ECFB55
:1062500068B1BDF80E10BDF80A204180BDF80C10E1
:10626000C2808180BDF80810099A0181C28104B002
:10627000B0BD00002DE9F04782B000285BD00E468B
:10628000002958D00B9F002F55D0DDF828A0984644
:1062900091460546BAF1000F01D0BC8805E00A20FE
:1062A0001821262200F06EFB0446B6F90600B6F966
:1062B0000010B6F90220B6F9043000902846019487
:1062C000FFF712FFB6F90600B6F90010B6F9022082
:1062D000B6F90430FC8800902846019400F0A8F834
:1062E000B6F906000823B6F90010B6F90220BAF193
:1062F000000F08BF0623FC5A009028460323019490
:10630000FFF7F2FE308871880A303C888A1D01B29E
:1063100012B228464B46009400F0B4F930887188D8
:106320000A307F8801F1160201B212B228464346B4
:10633000009700F0A7F902B0BDE8F08770B582B011
:1063400020B30E4611B3154602B30446B6F9060053
:10635000B6F90010B6F90220B6F90430B5F804C059
:1063600000902046CDF804C0FFF7BEFEE87A68B181
:10637000B6F90600B6F90010B6F90220B6F90430F5
:10638000EE8800902046019600F052F802B070BDF1
:10639000F0B583B0002848D00E46002945D01D46F0
:1063A000002B42D004461046FFF778FBB6F90430C4
:1063B000B6F900101F1F784348F21F57C5F2EB17BC
:1063C00050FB07F0471107EBD077B6F90220B6F97A
:1063D00006C03804B5F804E0204648BF0027CDF8D1
:1063E00000C0CDF804E0FFF77FFEB6F90600B6F96D
:1063F0000010B6F90220B6F90430B5F806C00090D6
:106400002046CDF804C000F013F8718830888A1C4B
:10641000F188023004392E8909B200913BB201B2F1
:1064200012B220460196FFF75FFE03B0F0BD0000F8
:1064300080B584B0DDF818C0ADF80E30ADF80CC0F2
:1064400080B3B0F800C003896144C91AADF80A10DE
:10645000418843891144C91AADF808100DF10C0C9C
:106460000DF10A0102AA0DF10E03CDF800C0FFF7ED
:1064700035FCB8B10320FFF7D7FA98B1BDF80A1080
:10648000BDF80E204180BDF808301144BDF80C2045
:106490000139DDF81CC0C180991801398380018160
:1064A000A0F80EC004B080BD2DE9F04F83B00C9F62
:1064B0009F4260DD064600285DD00D4600295AD077
:1064C000DDF83480B8F1000F55D09A42B8BF1A46B3
:1064D000BA42C8BF3A46E988F81A6F8801EBD13151
:1064E000B5F9044009B207EB6109A4F10C07D21A0F
:1064F0007A43A9F1020CB5F9001092FBF0F0B8F85C
:1065000004200FFA8CF701EB000A4FF0040B019204
:1065100030463A462346CDF800B0FFF7E5FDB5F921
:106520000010B8F80850AAEB0100063003B230465C
:106530003A46CDF800B00195FFF7D6FDB8F80670E1
:10654000A9F106000C2100910FFA8AF102B230463F
:106550000C230197FFF76CFF0AF10200B8F80870EE
:10656000A9F104020821009101B212B230460823B9
:106570000197FFF7B9FD03B000F000B830BCBDE8EB
:10658000C08F00002DE9F04F87B0DDE9106706905D
:10659000B74271DD022B6FD3069800286CD0894674
:1065A000002969D01446002A66D01298002863D0CA
:1065B000B9F90600129DB9F90010B9F90220059346
:1065C000B9F90430ED8800900698BF1B019504943A
:1065D000FFF72EFF049C109EB9F90600B4F90010D5
:1065E000031F891BB9F80220594391FBF7F11044AE
:1065F000401A4FF6FE7100EB01080598B9F800B09B
:1066000001384FF0010A0397029000BFB9F9041056
:10661000029B023901FB0AF1B9F80000B1FBF3F16A
:10662000B9F90620B9F80230471834F91A10981849
:10663000043A891B5143039A91FBF2F1821E501ACE
:10664000591C00B212B209B2FFF71EFA12990546A0
:106650000989069801913BB20FFA8BF10FFA88F283
:106660000095FFF7CDFD0598109E049C0AF1010AE4
:106670005045BB46A846C9D107B000F000B830BCB1
:10668000BDE8C08F2DE9F04188B31C467BB3B0F95B
:10669000003007891944C91B0EB29E4227DBB0F9AE
:1066A000021047890A44D21B17B28F421FDBB0F990
:1066B00004201A44B2421ADDB0F906000844B84278
:1066C00015DD00204FF00008FFF7AEF9002808BFE5
:1066D000BDE8F081054606982146E88105F11000E5
:1066E0003F226E80AF80F9F7F4FD85F84F80BDE85A
:1066F000F0810000F0B581B0D0B30F46C1B31446AD
:10670000B2B31E46A3B30546204600F0E9F8F2787E
:106710003988012A07D1B7F90420101A00EBD0708C
:1067200001EB500007E0022A04D1BA88081A10448D
:10673000043800E0081DBA8800B20A44013A12B2D7
:1067400009B2FFF7A1F90146B7F90600B7F902202F
:106750000C3800EBD07002EB500003B29342378844
:10676000B8BF104602B2284623460097FFF78AFFBB
:1067700001B0F0BD2DE9F04182B0E0B30E46D1B3D7
:106780001D46C3B3044630881AB1B188F388084463
:10679000C01A0827B6F90010B6F902C0B6F90430DD
:1067A000B6F906E0002A08BF0427EF5B00F10208F3
:1067B00020466246CDF800E00197FFF795FCB6F958
:1067C0000600B6F90010B6F90220B6F90430EF88D9
:1067D000009020460197FFF72BFE7088F188023069
:1067E0002F8804390BB20FFA88F102B220460093C9
:1067F0000197FFF779FC02B0BDE8F0812DE9F04F79
:106800009FB002A80821FEF739FB0028019061D053
:106810000020149040F2AC1043F2166640F6146A61
:10682000C0F28E00C2F2000616AFC2F2000A4FF0AC
:10683000000915900CE000BF002029464FF4D672E5
:106840005B460096FBF778FE7E2D09F1100941D2D8
:10685000C9F18E041FFA89F57F2D38BF10241FFA65
:1068600084FB019B2846594602AA00F095F80028AF
:10687000EAD0FFF7F9F84FF4D67804FB08F189B2B3
:1068800000F040F80020ADF84800384600213246BC
:1068900012ABADF84A90ADF84C80ADF84E4000F028
:1068A0006BFF384614A900F085FABAF800000028FA
:1068B000C2D040F616680024C2F2000838464146AD
:1068C000FFF784FBBAF800000134844208F1500855
:1068D000F4D3B1E71FB000F000B830BCBDE8C08F02
:1068E00068B180B5F9F70BFD81B2C0EBC000782923
:1068F00088BF4FF45270BDE8804000B2704700205E
:1069000000B27047002908BF704743F21662C2F216
:106910000002023A013922F8020FFBD17047000051
:106920008E2070474FF4D6707047000080B5FBF79B
:1069300045FE80BD80B5B0F900E0B0F902C08E45DB
:1069400001DD012109E083887344013B0FFA83FED6
:1069500000238E45B8BF012359009445C4BF081DCC
:1069600080BDC0886044013800B29042B8BF083191
:10697000084680BD8842D8BF084670478842A8BFF5
:106980000846704701F0FC0100F0F800C90041EA38
:10699000002040EAD200704780B5CBB101440FFA25
:1069A00081FE06320FFA80FC04E000BF013B02F1D9
:1069B00008020DD032F9040C8645F7DDB2F900105B
:1069C0000129F3DB084400B26045EFDD012080BD02
:1069D000002080BD70B584B046F66465C2F2000543
:1069E000286808B101245CE0FEF7B6FC012857D105
:1069F000FEF7E4FB01284FF0000452D1FEF7A4FF9C
:106A0000FEF728FFFEF794F9FFF790FFFDF76AF90C
:106A1000FEF7AEFAFEF71EFC47F6BC66C2F20006B1
:106A20003460FFF77FFFB080FFF77AFF46F6B121B1
:106A3000F080C0F6000100200022B460FEF718FCD0
:106A400046F6B921C0F60001022000220226FEF718
:106A50000FFC46F6C121C0F6000103200022FEF71C
:106A600007FCFDF767FE01281BD146F66860C2F2FD
:106A7000000047F66864CDE9006046F6C920C2F21E
:106A80000004C0F6000008A14FF4806200230294C5
:106A900002F024FB04462860002818BF012400E00F
:106AA0000024204604B070BD75695461736B00000A
:106AB00080B5FEF72BFE80BD80B5FEF733FA80BDB2
:106AC00080B5FEF791FC80BD8EB002F03DFB47F62D
:106AD000BC666C4603ADC2F200060DAF0D9000BF60
:106AE00020460021FEF78CFB012806D12046FEF748
:106AF000F3FDF5E72846FEF715FE28460021FEF7D0
:106B00004DFC0128F6D0FEF765FFFEF7ADFEFEF75F
:106B100037FE2120FDF7F6F8FEF7B0FAFEF714FD78
:106B2000FEF7AAFF3046FEF77FFBFFF767FE384609
:106B3000212101F087FFD3E72DE9F04F8FB0002826
:106B400050D08A4600294DD01546002A4AD0984692
:106B5000002B47D00646007D002843D000240DF1CD
:106B6000140B0DF10C092CE028886988ADF80C0095
:106B7000F08AE3B2C2B212FB0311ADF80E10F16855
:106B80000238ADF81200781AAA88B0FA80F04BF2F9
:106B900046134BF23E114FEA5010C0F60003C0F608
:106BA0000001ADF8102008BF0B4600905046494642
:106BB0005A46CDF80480FFF75DFB307D01348442F6
:106BC00010D23069316807198F420BD258462821FC
:106BD000F9F774FB7368002BC6D038465946282253
:106BE0009847C1E70FB000F000B830BCBDE8C08FD7
:106BF00010B5044600284FF0000018BF002900D14E
:106C000010BD2268BAB1097800200729F8D80123FD
:106C10008B4013F00A0F10D113F0140F12D1012280
:106C200002FA01F111F0A00F08BF10BDA16871B107
:106C3000E06888470BE0002010BDE06838B10138FB
:106C4000E06004E0E0680130904238BFE060D4E9E1
:106C50000301884201D2206103E0227D1144884271
:106C600001D2012010BD801A01302061012010BD29
:106C7000002808BF704780B54FF0000CC0E900CC79
:106C8000C0E902CCC0F810C0C0F814C029B1D1E9E5
:106C900000CE8968C0E900CE8160002A08BF0622C4
:106CA0000275002BD8BF1423C382BDE88040704713
:106CB00080B548F20C00C2F20000FBF717FA80BD65
:106CC000FEE70000002848BF704700F01F010122C6
:106CD00002FA01F14EF200124009CEF2000242F82F
:106CE000201070474EF60C50CEF200000068C0F342
:106CF000022070474EF6145300F00F02CEF200034C
:106D000009011A4400F16043B0F1FF3FC8BF03F529
:106D100064421170704700004EF60C51CEF2000133
:106D20000A684FF6FF031A4060F30A2242F08060BF
:106D300040F0FD700860704780B5F9F76DFD80BDCB
:106D4000704700000020704710B5002918BF002BC5
:106D500000D110BDFF2B01D0FC2B03D392B200F069
:106D6000E5FC10BD042BF4D3002908BF10BD4FF67D
:106D70001F0C0CEA020C02F4FC624FF61F0E4CEAE8
:106D8000024CC0F2E07EDB08023800BF30F8022F70
:106D9000013942EA024202EA0E02ACEB020403FBB2
:106DA00004F402EB541202EA0E0242EA124202809A
:106DB000ECD1CEE7B0B50C46054600F1100200F16B
:106DC0000801204601F018FA2088298A6A8A081AE0
:106DD00061882882501A298922886882881A6989DC
:106DE00062882883881A6883B0BD0000B0B586B079
:106DF00004460A9804ADADF81010ADF81220ADF8B5
:106E0000160004F1100128462A46ADF8143001F0AE
:106E1000BBF9284601F018FA08B106B0B0BD0C99CC
:106E2000207F00F077FD0028F7D084460B98BCF156
:106E3000FF0F11D1BDF91010BDF91220BDF91430AA
:106E4000BDF916501FFA80FC20460095CDF804C00D
:106E500000F0CCFC06B0B0BDBDF91650BDF9101065
:106E6000BDF91220BDF9143080B2CDE900502046A2
:106E7000CDF808C000F010FD06B0B0BD2DE9F04F10
:106E800097B0DDF8809016460D46591A48BF494222
:106E9000B9EB0604DDF88CC0DDE921A81F4648BF28
:106EA00064420A0427D0AF423B46C8BF2B462204A7
:106EB00032D0A3EB0A024B4601EB4A01B145C8BFF1
:106EC0003346013104EB4A04A3EB0A030134ADF865
:106ED00058100F9000F1100115A8ADF85420ADF82E
:106EE0005630ADF85A4001F0BDF9002874D0AF42D9
:106EF00023DA314626E0631CA5EB5A011FFA88F21B
:106F00001BB2B145C8BFB146CDE9003209B24A460D
:106F10005346CDF808C00BE04F1C1FFA88F1A6EBD2
:106F20005A02CDE900A119B23BB2239F12B20297D7
:106F3000FFF75CFF17B000F00CB938464946B14680
:106F40002F4605460F98239BBAF1010F13DCA1EBE6
:106F5000090213B202EBE3362846ED1B86EAE3335F
:106F60009BB22EB2B342CDE9136312DD494512DA6A
:106F70003A464B4613E01FFA88F20126CDE9001A83
:106F8000CDE9022339464A462B46049600F09EF985
:106F900022E0064608E002460B463846494681464E
:106FA0005D1A121A1E460F4610B202EBE032B0F123
:106FB000FF3F82EAE0302AB205EBE2314FF0FF3BBF
:106FC00003B281EAE231C8BF4FF0010B89B2002B56
:106FD00048BF4942B74202DD17B000F0BAB801EB32
:106FE000D171491001EB004090FBF2F00F99129023
:106FF000B1F91020888AB1F912301044C98A00B260
:107000000D90C81800B20E901FFA88F00A900FFA7F
:107010008BF00C9035464FF00008119210930B96B0
:107020000FE000BF009600F097F80B9D12984044C7
:10703000B0F58038B4BF8046D944781C07B2AF425F
:10704000CADC239C4FEA182AFF2C6FEA18260AD0C4
:107050005FFA8AF1204600F069FC8246F1B22046D0
:1070600000F064FC0646DDE913103CB2884237DDCF
:1070700010988442DADB0E988442D7DA11980FFA1E
:1070800089F5854214DB0D98854211DA06994FF691
:10709000FF7021EA00000A995FFA86FC43180F98F6
:1070A000294622461E460693CDF800C000F054F84B
:1070B0000C98119928448842B7DB0D998842B4DABC
:1070C000079A4FF6FF7122EA01010A9A5FFA8AF6DF
:1070D0008B1801B20F9822461D460793A2E700BF06
:1070E00011988442A2DB0D9884429FDA10980FFA1F
:1070F00089F5854214DB0E98854211DA08994FF61E
:10710000FF7021EA00000A995FFA86FC43180F9885
:1071100021462A461E460893CDF800C000F01CF810
:107120000C98109928448842FFF67FAF0E99884248
:10713000BFF67BAF099A4FF6FF7122EA01010A9A66
:107140005FFA8AF68B1802B20F9821461D46099302
:1071500068E730BCBDE8C08F2DE9F04182B00C4635
:1071600006460899007F98461746ADF8043000F0AF
:10717000D1FBD0B1054606F1100021463A4601F098
:1071800095F890B1308B718B201AB6F90C30791AC2
:10719000726800B213FB0100FF2D02EB400007D024
:1071A00001A902462B4601F09BF802B0BDE8F08130
:1071B000A0F8008002B0BDE8F08100002DE9F04F9A
:1071C00083B0002B48D0DDF830A0BAF1000F43D0D7
:1071D0000D9C002C40D08046DDE90E091E46154668
:1071E0000F46B4EB630F1FFA80FB38DA4FEA6A00F0
:1071F000A04234DD404639462A462346CDE900AB5D
:10720000CDF80890FFF7F2FDF019001B01B24046DF
:107210002A462346CDE900ABCDF80890FFF7E6FDFE
:10722000E019A6EB440106B20FB2404631462A46A9
:107230003B46CDE9004BCDF80890FFF7D7FD0AEBB0
:107240000500001B02B2404631463B46CDE9004BEB
:10725000CDF80890FFF7CAFD03B000F00DB8404626
:1072600039462A463346CDE900ABCDF8089000F008
:1072700007F803B000F000B830BCBDE8C08F0000D4
:10728000B0B584B0012B0DDBDDF820C0BCF1010FDF
:1072900008DBDDE909E51FFA8EF4CDE900C40295AB
:1072A000FFF7A4FD04B0B0BD70B584B04C68DDF844
:1072B00020E0BDF824500A9E2468844608466146B2
:1072C000CDE900E50296A04704B070BD2DE9F04F6E
:1072D000A9B0329F15460C46591A199048BF494229
:1072E000339E781B48BF404200EB4600A3429946BC
:1072F0001A463B4600F10100C8BF2246AF42C8BF54
:107300002B4601EB4601ADF8A20019980131921B02
:107310009B1BADF8A01000F1100127A8B846ADF8EE
:107320009C20ADF89E3000F09DFF002800F0D78033
:107330004946A14503DAAA46A146424603E0C246B1
:1073400089462A462146B9EB0100AAEB02071D90A7
:1073500010FB00F017FB070B06F10100229080FBE9
:10736000000E2397A0FB0B0C4F462690C8BF0F467C
:10737000924555464846C8BF154689454C46504635
:107380004FF00103CDF820901B91B8BF0C469245F9
:10739000CDF810A00E92B8BF1046199903EB660302
:1073A000FF1AED1A1C441844B1F910908B8AB1F9F8
:1073B0001220C98A0FFA87F84B44C845C8BFB9469E
:1073C0002FB211441BB2974224B2A3F1010A0BB2AF
:1073D000C8BF2A46A24500B2A3F101082092C8BF47
:1073E000A2468045C8BF8046711EB8BF002181FB00
:1073F0000112269F0EFB0BC0A1FB0B13BF08CDF89B
:1074000078B002FB0B3B860847EA8077880840EAA1
:107410008B7041F20121B7EB000CC0F27A01CDE98B
:10742000240766EB9B00BCEB01014FF0000370F1F9
:1074300000014FF00007269612DB42F20145C0F230
:10744000F4050027624601465FEA61044FEA32060E
:10745000AA1A73EB010107F1010732462146F3DB5B
:10746000C7F120012CFA07F2189100FA01F111433B
:10747000B7F12002179258BF40FA02F119981F91F4
:10748000016A339C1C91B0F90C100391B0F91810EB
:107490000791B0F91A10007F029123990690080411
:1074A0000DB21690219510D0002D44BF2198454271
:1074B0001E9800F07DF92299013080FB01016A00DD
:1074C0000023F8F7B1FE023001E047F6FF70159097
:1074D000209805B20FFA88F0A842149002DA29B079
:1074E00000F020B91D9EA01C04FB04F140430FFADC
:1074F00086FC4FEA9B0623968E0884081B98089901
:10750000349A084400EBD070401012900FFA89F0C2
:1075100011900FFA8AF01090A01B369B0A9090B23F
:107520000F9005961D941397CDF888C007E000BF13
:1075300020980130209005B21498A842CFDB16980D
:10754000219E002812980CD00E98F317281A80FB61
:107550000C013246F8F768FE1B99DDF888C0369BAF
:1075600008441599119AA0EB010A9245B8BF9246BA
:10757000084410990FFA8AF78142B8BF08460FFAFB
:1075800080F8DDF878904745D2DC1C9808B10020DF
:1075900007E019980299039A4068691A514300EB71
:1075A0004100B8450D90C3DB0E9A1B99501B00FBA0
:1075B0000CF0791A01FB0604A81A00FB06F201FB85
:1075C0000C2B04994043691A494309910B9000BF61
:1075D00013B9CB4500F29C80259A84FB0410521A03
:1075E000269A8241C0F09480249A359D521A239A9B
:1075F00082414FF0000238BF012225FA02F522D263
:107600001F9A012A1FDB249A891A239A9041139A00
:10761000D140189A00FA02F21143179A002A58BF73
:1076200040FA02F1C1EB01201F9990FBF1F0C0F18B
:10763000FF0020EAE070C1B2359800F077F9DDF87C
:1076400088C0369B054693B3BBF1FF3F04DDCB45B5
:107650002DDD0898099901E01B980B99381A00FB59
:1076600000191D98814503D92198E344044418E08A
:107670000A98012815DB0598814512D9A9EB00006D
:107680000A99C0EB002090FBF1F0C0F1FF0020EA66
:10769000E070C1B2284600F049F9DDF888C0369B99
:1076A00005461D98219E8145DDF8789032D87DB33E
:1076B0001C9888B11A994FF6FF7021EA00000F99C3
:1076C0000095431820980FFA8AF102B219981F46C4
:1076D0001A93FFF741FD17E007980D99381A01EB4F
:1076E00040090698294600F021F90C9902464FF608
:1076F000FF7021EA00000F99219E01444846DDF801
:1077000078900C9100F042F8DDF888C0369B00BFFD
:107710003444E3440AF1010A0FFA8AF7B845BFF688
:1077200057AF05E730BCBDE8C08F0000002908BF97
:10773000704783071CBF20F8022B0139022914D39C
:107740000829C2EA024308D30839C0E90033C0E976
:107750000233072900F11000F6D8022905D300BF33
:107760000239012940F8043BFAD8002918BF0280E9
:10777000704700001030704710B50446E0E8021270
:10778000194600F0EFFCFF20207710BD80B582B0D5
:10779000ADF804104AB11346FF2A02D1018002B0AD
:1077A00080BD01A9024600F0BBFD02B080BD000013
:1077B0004FF08042114682424FEA9202FAD84FF0CF
:1077C000000C81B1002300BFCA18821A28BF1046DE
:1077D00001EB530238BF5A081346BCEB910F4FEA36
:1077E0009101F1D19C461FFA8CF070472DE9F04FC2
:1077F00081B00446008B668B0F1A921B42EA070089
:1078000000B200280FD4B4F90C0039B29A460B44E8
:10781000834208DCDDF828E0B4F90E5002EB0E03D9
:107820001BB2AB4202DD01B000F033B8DDF82CC072
:1078300085B21FFA8AF6B54212B208BF5FEA074561
:107840001AD09A42EFDA10FB02111FFA8CF84F009F
:107850004FEA40099D1A4FF6FF7B00BF606826EA99
:107860000B0101EB0806384451463246FFF75EFF34
:10787000013D4F44F2D1D6E76168504301EB40002F
:107880000EFB0AF11FFA8CF2FFF750FF01B000F077
:1078900000B830BCBDE8C08F2DE9F04F81B0044680
:1078A000008B678B081AD21B42EA000109B200293B
:1078B0002AD401B2B4F90C0099460B44834223DC6C
:1078C0000A9BB4F90E7013441BB2BB421CDC12B20B
:1078D0009A4219DA0B9F10FB02111FFA87FA4D002A
:1078E0004FEA400B9E1A4FF6FF7800BF606827EA08
:1078F000080101EB0A070C9B284449463A46FFF76A
:1079000023FA013E5D44F1D101B000F000B830BC73
:10791000BDE8C08FFF2807D0FF2904BFC0B2704761
:10792000802211FB0020010AC8B27047FF2807D04F
:10793000FF2904BFC0B27047802211FB0020010A5A
:10794000C8B27047FF2807D0FF2904BFC0B27047F4
:10795000802211FB0020010AC8B27047B0B505466D
:1079600002784AF6A070C0F60000805C0C46431E08
:10797000032B0AD80120DFE803F00E021019687803
:1079800040EA022202202260B0BD0EA02A21FFF7A9
:10799000D3F92A7801202260B0BD6878A978000266
:1079A00040EA0240421803202260B0BD6878A978FE
:1079B0000004EB7840EA026040EA0120C21804208B
:1079C0002260B0BD2E2E2F555345522F4D49444CA9
:1079D000452F456D6265646465644755492F737230
:1079E000632F666F6E742F656775695F666F6E745F
:1079F0002E63000080B5027813065ABF0A6001208A
:107A0000FFF7ACFF80BD000000280FBF0120007908
:107A1000B0FA80F0400970472DE9F04F87B001922D
:107A2000109A0691012A059065DBDDE91140139A51
:107A30009A4680B200214FF0000B049006E000BF90
:107A40000298013001B21098814254DABAF1010F64
:107A50000291F5DB019800270D18002023E000BFFC
:107A600006FB02F148F28102C8F28002A1FB021279
:107A70004FF6FF71049B29EA010101EB030901B2F2
:107A80000598C2F3C7162AB24B460096FFF764FB6F
:107A9000139A08F10401C8B2083818BF0846791CC7
:107AA0000FB25745CCDA5FFA80F8B8F1000F08BF83
:107AB00014F801BB5FFA8BF020FA08F010F00F0009
:107AC000E7D049F6E851C0F600010E5C0698FF2A9F
:107AD0003844C5D1039A4FF6FF7122EA0101049A96
:107AE000AC468B1801B22AB2059825461C46039372
:107AF0002C466546C9E707B000F000B830BCBDE8C9
:107B0000C08F000070B584B0DDF820E08446BEF17F
:107B1000010F4FF00000A8BF012B01DA04B070BDC7
:107B2000BCF1000FFAD0099C002CF7D09CF80100A2
:107B300004280DD1DDE90AC60C981FFA8CF5CDE9B1
:107B400000E4CDE90256FFF767FF012004B070BDE5
:107B50004BF25310C0F6000040F65531FFF7ECF839
:107B6000002004B070BD00002DE9F04381B08046D4
:107B70004FF00000E9B11546DAB1DDF82090B9F117
:107B8000000F16D008681C460E4610B12968A142A5
:107B900012D24046214600F0E1FA98B1316807461A
:107BA00011B1404600F0D6FA012037602C60C9F8C8
:107BB000007001B0BDE8F083C9F80000012001B0F9
:107BC000BDE8F083002001B0BDE8F0832DE9F04767
:107BD00086B020B3DDF84080DDE90EA91D461646CB
:107BE00007460C46F9B13846FFF70EFF08B1F878A2
:107BF00080B30020012199B3DDE9110C1FFA8AF14D
:107C0000CDE90019CDE902803846214632462B469F
:107C1000CDF810C000F048F806B0BDE8F0870020AD
:107C200006B0BDE8F087B8786FF0010101EB5003B2
:107C30001FFA8AF10122CDE9000202914046314645
:107C40002A46CDF80C90FFF7B9FAB878400806B08C
:107C5000BDE8F08738692168084400210029CBD1AC
:107C60007978042914D194F90A1094F909204F194C
:107C70009119E279A3791FFA8AF6CDE9002009B2B9
:107C80003AB240460296CDF80C90FFF7C5FE07E0E9
:107C90004BF25310C0F6000040F66141FFF74CF87C
:107CA000207A06B0BDE8F0872DE9F04F87B00026B6
:107CB000069678B30D4669B3AE7956B395F807903A
:107CC000B9F1000F25D0174631464A469A46044678
:107CD00000F09EF910B3DDF844B0BBF1000F16D0F0
:107CE0008046149898B195F9090095F90A1038441E
:107CF0005144DDF84CC007B20FFA81FA38465146BC
:107D000032464B46CDF800C000F0F6F980B12E7A2D
:107D100000E02E7A304607B000F064B84BF2531002
:107D2000C0F6000040F67731FFF706F80026F1E7CD
:107D30002046FFF769FE40B1E07860B34BF2531084
:107D4000C0F6000040F6983121E06078042818D190
:107D5000A888B0B1129806AA0068414600F0E4F87D
:107D6000C8B3E07800284BF25310C0F600000CBFF7
:107D700040F6CD3140F6C531FEF7DEFF012000268A
:107D80001FE04BF25310C0F6000040F6A131FEF7A1
:107D9000D3FF002614E020692968109A084491B2A4
:107DA000CDE9021B3946129FCDE90090204652468C
:107DB00033460497FFF7A6FE002814BF2E7A00264C
:107DC00000200028A6D006990029A3D012980068A8
:107DD00000F0C0F99EE74BF25310C0F6000040F6E9
:107DE000AB31D4E730BCBDE8C08F00002DE9F04FC7
:107DF00089B0149C07680846994693460E46FFF7DB
:107E0000B9FC317F054608462146FFF79BFDBBF1D3
:107E1000000F15D08246B5F90200B5F90610129A86
:107E20000144914203DBB978114481420FDA58468C
:107E30000A21F8F75AFA28B1A0EB0B00441C5CE0C9
:107E400000245AE05846F8F75AFA044655E01398C9
:107E5000002480B2079008A9D84604E008F1010880
:107E600001340BF1010B98F800000D28F6D0002822
:107E700043D00A2840D0B5F90000B5F904301844C1
:107E800081453EDA40469346FFF7B4FD08990690D7
:107E9000384600F09DF8844610B19CF8080001E0D7
:107EA000B8784008DDF814E008A9BAF1000F1BD03B
:107EB000BA78B5F900304A449A4215DD4FF6FF70A2
:107EC000079A2EEA000010440590009014980FFACB
:107ED00089F2CDE90106384661465B460395CDF847
:107EE00010A0FFF773FE08A9069B5A4608EB030B88
:107EF0001C448144D846B6E70134204609B000F05E
:107F00000FB840460A21F8F7F0F920B1A4EB0B01B5
:107F10000844441CF1E74046F8F7F1F90444ECE763
:107F200030BCBDE8C08F000080B584B00B46002196
:107F30009446CDE9021103A902AACDF800C0FFF7CB
:107F400013FE04B080BD000010B510B3C28802B3A8
:107F5000D0F808C0BCF1000F1BD0A2F1010E002226
:107F600005E000BF621C0123002B08BF10BD724555
:107F70000FDC0EEB020303EBD3735C105CF82430D0
:107F80008B42EFD302D100232046EDE7A4F1010E8E
:107F9000E9E74FF0FF3010BD10B50446FFF7D4FFFE
:107FA000002804D40146204600F004F810BD00204B
:107FB00010BD000020B1C2888A4201DDC2780AB13A
:107FC00000207047C06801EB410100EB8100704761
:107FD000002804BF0020704780B500F001F880BD84
:107FE000002804BF0020704780B5FFF7D5FF80BD93
:107FF0004FF0000248B1012907DB407804281EBF7A
:10800000002290B27047481C420890B270470000AE
:1080100010B51446FFF7ECFF002818BF6043012C91
:10802000B8BF002010BD00002DE9F04F83B093468B
:108030000D46DDE90C21002D46D00668002E43D008
:10804000B47898B201904FF000084FF0000900207A
:1080500001E000BF013529780D29FBD0E1B30A29E1
:108060000ED1BBF1000F37D0C145B8BFC146019951
:10807000B07821440C184FF000084FF0000A00E0DF
:108080008246284602A9FFF7B5FC0299074630460A
:10809000FFF79EFF08B1007A01E0B0784008BAF11E
:1080A000000F3D4403D0414688465046D3E708EBD5
:1080B00000010C98B0F90080B8F1000FF4D04145F0
:1080C0004FF00100C7DCEFE70020088010804FF080
:1080D000FF3003B000F00CB80C98C145B8BFC146E2
:1080E000A0F800900D980480002003B000F000B8C4
:1080F00030BCBDE8C08F000010B58446012B4FF0A6
:108100000000A8BF012A00DA10BDDDF808E0BEF1CA
:10811000000FF9D0BEF90000BEF80440044424B2B8
:108120006445DCBF012010BD624412B282424FF0B0
:108130000100E9DDBEF90220BEF80640144424B275
:108140008C42D8BF10BD581801B200209142D8BF50
:10815000012010BD80B5FEF7F3FD80BD80B5FEF7B0
:10816000F1FD80BD80B521B10A68496802604160B7
:1081700080BD00F005F880BD0021416001607047BE
:10818000002141600160704770B514460D460646F7
:1081900000F05AF818B9284600F056F818B12046F1
:1081A000FFF7EAFF70BDB6F90000B6F90210B6F9A4
:1081B00004E0B6F906C0B5F90060B5F90230B5F9CA
:1081C0000420B5F90650B0423244C8BF0646994271
:1081D00070441D44C8BF0B469042B8BF0246901B76
:1081E000A0800CEB0100A842B8BF0546E81AE08069
:1081F0002680638070BD000070B5B0F90030B1F921
:108200000040B0F902C0B0F904E0B1F90250B1F990
:108210000460B0F90600B1F90610A3422644C8BFB5
:108220001C46AC4573442944C8BF6546B342B8BF39
:108230001E46331B604493808842B8BF0146481BEA
:10824000D0801480558070BD50B1B0F90410012960
:1082500006DBB0F9061000200129B8BF01207047E5
:1082600001207047B1F900C0B1F90420B0F9003025
:1082700062449A4217DDB0F904201A44624512DDC7
:10828000B1F90220B1F90610B0F902301144994257
:108290004FF0000105DDB0F9060018449042C8BF58
:1082A0000121084670470020704700008446B0F95D
:1082B0000000884211DCBCF90430184488420CDD0F
:1082C000BCF9021000209142C8BF7047BCF90630CB
:1082D00019449142C8BF0120704700207047000038
:1082E000FC2B02D30888108070470088042B15D31C
:1082F00009884FF61F0C40EA0040C0F2E07C41EADA
:10830000014100EA0C0001EA0C01091ADB0859439B
:1083100000EB511000EA0C0040EA1040108070475A
:10832000FC2B02D30888108070470088042B15D3DB
:1083300009884FF61F0C40EA0040C0F2E07C41EA99
:10834000014100EA0C0001EA0C01091ADB0859435B
:1083500000EB511000EA0C0040EA1040108070471A
:10836000F8F784FCFBF724F9FAF7C4FCFAF7A0FC51
:10837000FAF7BCFDFAF78EFDFAF762FDFAF7B2FCE8
:1083800000F022FCF8F748FAF0B581B00D4648F24B
:108390002C4148F29406C2F20001C2F200060F68B6
:1083A00031680446081D00F05FFA10B1601C0FD060
:1083B00019E0306848F25012C06AC2F2000201218E
:1083C000136801FA00F023EA00001060601C0AD173
:1083D0004DB13068011D48F20440C2F2000000F0C7
:1083E0009BFA01B0F0BD3068E41944600AD348F24A
:1083F000A000C2F2000000683168043100F06EFA9B
:1084000001B0F0BD48F29800C2F200000068316887
:10841000043100F063FA48F2DC30C2F20000016877
:108420008C4238BF046001B0F0BD000070B5044656
:1084300000F08AFA48F23C10C2F20000016848F2EB
:10844000940501310160C2F20005296848F2F8364E
:10845000C2F2000641B1306860B92868E16AC06ABA
:10846000884298BF2C6005E02C600068012801D18B
:1084700000F0F4F848F24C10C2F20000016848F233
:10848000501201310160E06AC2F20002012113685A
:1084900081401943116048F2A40100EB8000C2F250
:1084A000000101EB8000211D00F036FA00F06AFAAD
:1084B000306880B12868E16AC06A884228BF70BD10
:1084C0004EF60450CEF200004FF080510160BFF331
:1084D0004F8FBFF36F8F70BDF0B581B048F240157C
:1084E000C2F20005286828B348F2184648F23C1743
:1084F000C2F20006C2F2000702E000BF2868C8B15D
:1085000000F0A2FB346800F019FF002CF6D000F058
:108510001BFAF068C468201D00F0A6F9386801381D
:10852000386028680138286000F02CFA204600F0F6
:1085300017F8E3E701B0F0BD80B5026C002A08BF70
:1085400080BDC368D0F804C01344C360634524BF32
:108550000368C360C36808461946F7F796FE80BDF6
:1085600010B5044690F85100022808BF10BD01283C
:1085700003D030B9206B00F019FA204600F016FA4B
:1085800010BDEFF3108072B6FEE7000048F2A404BD
:108590004EF60455C2F20004CEF200054FF08056AC
:1085A000FFF79AFF20680228FAD32E60BFF34F8F9F
:1085B000BFF36F8FF4E7000080B5002914BF1A6085
:1085C0001B60C3E90F011846012100F015FD80BDB5
:1085D0002DE9F0470A9C8246206B16460F46DDE9DE
:1085E00008599100A5229846F7F761FE206B00EB31
:1085F0008600043820F00706002000BF395C2218EE
:1086000082F83410395C19B10F2800F10100F5D35C
:108610000027201D84F84370062D28BF0625E5623B
:10862000C4E9115700F056F904F1180000F052F9AE
:1086300085F00700A06130465146424624616462DD
:10864000E76484F8507000F0FBF8B9F1000F206087
:1086500018BFC9F80040BDE8F0870000B0B548F287
:10866000A4050024C2F20005281900F027F91434EB
:108670008C2CF9D148F2AC34C2F20004204600F050
:108680001DF948F2C035C2F20005284600F016F97F
:1086900048F2E430C2F2000000F010F948F218404D
:1086A000C2F2000000F00AF948F20440C2F20000F1
:1086B00000F004F948F29800C2F20000046048F2A9
:1086C000A000C2F200000560B0BD000080B548F215
:1086D000FC32C2F2000200BF114612688242FBD394
:1086E000D1F804C001EB0C03834203D1406860441D
:1086F00048600846D0F804C000EB0C03934201D058
:1087000013460BE048F29C03C2F200031B689A4236
:1087100004D0D2E9003E0EEB0C02426081420360BD
:1087200018BF086080BD000010B5044600F00CF9C9
:10873000A06BB0FA80F0440900F024F9204610BD87
:1087400006480068006880F3088862B661B6BFF327
:108750004F8FBFF36F8F00DF00BF00BF08ED00E059
:1087600048F29800C2F200000168096821B100686F
:10877000C068C068406801E04FF0FF3048F2DC316B
:10878000C2F200010860704740F2F800C2F2000037
:108790000068013003D0EFF3108072B6FEE74FF0AF
:1087A000500080F31188BFF36F8FBFF34F8F00BF6E
:1087B000FEE70000F0B581B0044600F0C5F894F97A
:1087C0004560012E0FDB04F1240500BF286850B17D
:1087D000284600F06FFD002818BF00F075F970B250
:1087E000013E0128F2DCFF2684F8456000F0CAF85B
:1087F00000F0AAF894F94470012F0EDB04F1100583
:10880000286850B1284600F055FD002818BF00F038
:108810005BF978B2013F0128F2DC84F8446000F093
:10882000B1F801B0F0BD000048F29400C2F20000BF
:10883000016819B101688A6C01328A640068704766
:10884000034648F28970C0F600004FF0807C21F0AA
:10885000010103E903106FF0020043F8240CA3F1B7
:10886000440043F8202C7047D0E9013201699A6036
:10887000D1F804C082688445536008BF4A600B6821
:1088800000220261581E08607047000048F254330D
:10889000C2F20003036048F25410C2F20000086004
:1088A00080201060704700004FF0500080F3118866
:1088B000BFF36F8FBFF34F8FFEE700004FF0FF3124
:1088C000024642F8081F0021C0E90322C0E9001255
:1088D00070470000002101617047000080B5D1F8A9
:1088E00000C01CF1010207D000F108039E465B683E
:1088F0001A686245FAD901E0D0F810E0DEF80420E9
:1089000008614A6091600268C1F808E0CEF804107E
:10891000511C016080BD00004268D0F800C093681F
:108920004A608B6093689160596008610CF10101A5
:1089300001607047DFF80C00016841F470010160CC
:10894000704700BF88ED00E04FF0500080F31188C1
:10895000BFF36F8FBFF34F8F40F2F800C2F20000F9
:1089600001684A1C026001B170474EF60450CEF215
:1089700000000068000608BF7047EFF3108072B671
:10898000FEE7000040F2F800C2F20000016839B1D1
:108990000139016018BF7047002080F311887047CB
:1089A000EFF3108072B600BFFEE70000B0B50028FC
:1089B00008BFB0BD044648F2A830C2F200000078FB
:1089C00054F8041C002818BF4FF00040084208D09B
:1089D000A4F108052A6842B1EFF3108072B600BF17
:1089E000FEE7EFF3108072B6FEE721EA000044F8DC
:1089F000040C00F029F948F2D431C2F2000154F815
:108A0000040C0A68104408602846FFF75FFE00F077
:108A100095FCB0BD40F20000C2F20000006844F6D0
:108A2000D351C1F26201A0FB01014FF0FF3000EB16
:108A300091104EF21001CEF200014860072008604C
:108A400070470000B0B560B10D4671B1044648F200
:108A50004810C2F20000006858B1EFF3108072B6FF
:108A6000FEE7EFF3108072B6FEE7EFF3108072B608
:108A7000FEE700F0E9F848F22C40C2F2000000687E
:108A80002268904202EB050102D2914202D309E032
:108A9000914201D3814205D92160081A0021FFF7D4
:108AA00073FC00E0216000F049FC002818BFB0BD55
:108AB0004EF60450CEF200004FF080510160BFF33B
:108AC0004F8FBFF36F8FB0BD48F23040C2F200004D
:108AD000012101607047000070B110B50C4648F2EA
:108AE0009401C2F2000109681831FFF7F7FE204631
:108AF0000121FFF749FC10BDEFF3108072B600BFF3
:108B0000FEE70000F0B581B0F8B148F29406C2F279
:108B100000060446C06A3168C96A884215D2A16954
:108B2000002904D43168C96AC1F10701A16148F282
:108B3000A407616900EB8000C2F2000707EB800028
:108B4000814204D03068C06AE06201B0F0BD251DEA
:108B50002846FFF789FE002848F25010C2F20000B4
:108B60000CD1E16A01EB810257F8222032B90122CF
:108B7000036802FA01F123EA010101603168012270
:108B8000C96AE16203688A401A43026001EB81000E
:108B900007EB80002946FFF7BFFE01B0F0BD0000E3
:108BA00060B148F2E031C2F200010968016048F2A8
:108BB0002C41C2F20001096841607047EFF3108058
:108BC00072B600BFFEE7000010B586B0002405A80D
:108BD00004A903AACDE90444FFF758FEDDE9032008
:108BE00005990023CDE9010148F28D50C0F600003F
:108BF00013A1009400F072FA48F2D831C2F20001D9
:108C00000860D8B14FF0500080F31188BFF36F8F28
:108C1000BFF34F8F48F2DC30C2F200004FF0FF315B
:108C2000016048F2F830C2F200000121016048F210
:108C30002C40C2F20000046000F064F806B010BDE1
:108C400049444C450000000048F24810C2F20000C0
:108C5000016801310160704710B548F24810C2F256
:108C60000000006830B148F23040C2F2000001213B
:108C7000016010BD48F23040C2F20000002148F20D
:108C800094040160C2F200042068006B0168B1F135
:108C9000A53F0BD14168B1F1A53F07D18168B1F182
:108CA000A53F03D1C068B0F1A53F04D0206821687A
:108CB0003431FFF7F9FD48F25010C2F200000068AD
:108CC000B0FA80F0C0B2C0F11F0048F2A40100EB7E
:108CD0008000C2F2000151F8202072B101EB800047
:108CE00050F8041F4968021D9142016001D1496892
:108CF00001600068C068206010BDEFF3108072B69C
:108D0000FEE7000082B04EF20040CEF200004CF2CE
:108D10007021C4F20F11D0F800294B1C9A4204D1E3
:108D2000EFF3108072B600BFFEE7D0F800298A4248
:108D300003D1EFF3108072B6FEE7017848F23012EB
:108D40000191FF2101700178C2F200028DF8031039
:108D50009DF8031001F05001117048F23411C2F275
:108D6000000107220A609DF90320B2F1FF3F0CDCED
:108D70000A6800BF9DF80330013A5B008DF80330AC
:108D80009DF90330002BF5D40A600A684FF4E063C4
:108D900003EA02220A6001990170D0F8201941F417
:108DA0007001C0F82019D0F8201941F07041C0F8C6
:108DB0002019FFF72FFE40F2F800C2F20000002158
:108DC0000160FFF7B7FD4EF63470CEF20000016887
:108DD00041F040410160FFF7B3FCFFF7D5FC000014
:108DE00010B582B038B11C464BB161B95AB1EFF33E
:108DF000108072B6FEE7EFF3108072B6FEE7EFF375
:108E0000108072B6FEE721B11AB9EFF3108072B686
:108E1000FEE748230193019B482B08D1012384F8E6
:108E200046302346FFF7C8FB204602B010BDEFF3E3
:108E3000108072B6FEE700002DE9F04F85B0049275
:108E400078B11C460D460646002900F0C48000F0AB
:108E500067F950B9049840B1EFF3108072B600BFC3
:108E6000FEE7EFF3108072B6FEE706F124000190F2
:108E700006F1100000900DF1080B0DF1100A4FF0F3
:108E800000080AE03046FFF795FC00F057FA30463C
:108E9000FFF74AFC002840F0A680FFF755FDD6F802
:108EA0003890B9F1000F19D0F76830462946FFF71E
:108EB00043FB0CB3706AF760002837D0019800F0CC
:108EC000F9F998B34EF60450CEF200004FF08051FD
:108ED0000160BFF34F8FBFF36F8F27E00498002826
:108EE0006CD0B8F1000F02D15846FFF759FE4FF091
:108EF0000108012000BB77E0A9F10100B0633068F0
:108F000010B9FFF791FC70600098006870B100988C
:108F100000F0D0F950B14EF60450CEF200004FF000
:108F200080510160BFF34F8FBFF36F8FFFF72AFDB2
:108F300000200127002857D0FFF724FDFFF784FE0B
:108F4000FFF702FD96F84400FF2804BF002086F8D2
:108F5000440096F84500FF2804BF002086F845002D
:108F6000FFF710FD5846514600F082F800287FF4C4
:108F700089AF3046FFF7D8FB38B3306830B9FFF718
:108F8000E3FC7068FFF7BEFDFFF7FCFC0499019855
:108F9000FFF7A2FD3046FFF70DFC00F0CFF90028E7
:108FA0007FF47BAF4EF60450CEF200004FF08051BC
:108FB0000160BFF34F8FBFF36F8F6EE7FFF7E2FCE7
:108FC000002700200028B7D10EE03046FFF7F2FB63
:108FD00000F0B4F961E7306C00283FF438AFEFF3EC
:108FE000108072B6FEE70027384605B000F000B8E2
:108FF00030BCBDE8C08F000000B370B504460E461B
:10900000FFF7A2FC2068D4E90F12002502FB010340
:10901000013901FB0201A563C4E90130FF20E160D1
:1090200084F8440084F8450004F110005EB1FFF7B5
:1090300045FC04F12400FFF741FC14E0EFF310803D
:1090400072B600BFFEE7016869B100F033F950B1B4
:109050004EF60450CEF200004FF080510160BFF395
:109060004F8FBFF36F8FFFF78DFC012070BD0000A5
:10907000B0B510B30D4621B30446FFF765FC48F2C6
:109080002C40C2F2000001682868421C1DD048F242
:10909000E032C2F20002126823689A4202D062688B
:1090A000914216D26268891A884210D9401A286003
:1090B0002046FFF775FD00240CE0EFF3108072B638
:1090C000FEE7EFF3108072B6FEE7002402E0012411
:1090D00000E00124FFF756FC2046B0BDB0B584B0D7
:1090E000099C9CB10A9DB5B1DDF820C02C63022417
:1090F00085F8514003ACCDE900C40295FFF768FA4A
:109100002846FFF793F9039804B0B0BDEFF3108041
:1091100072B600BFFEE7EFF3108072B6FEE7000004
:1091200048F2F830C2F200000068002804BF0120B5
:10913000704748F24810C2F200000068B0FA80F0B0
:10914000400940007047000048F22C40C2F2000085
:10915000006870472DE9F04F81B048F24810C2F224
:109160000000006840B148F24410C2F200000168FB
:109170000024013101608DE048F22C40C2F2000071
:1091800001684E1C06601BD348F29800C2F2000032
:109190000168096819B1EFF3108072B6FEE748F272
:1091A000A002C2F2000201681368036048F2E030D6
:1091B0001160C2F20000016801310160FFF7D0FACE
:1091C00048F2DC31C2F20001086848F2940A864293
:1091D000C2F2000A01D200244EE048F2980BC2F21B
:1091E000000BDBF8000000240068D8B348F25019E7
:1091F0000127C2F200091FE0D8F82C00D9F80010AE
:1092000007FA00F21143C9F8001048F2A40100EB7C
:109210008000C2F2000101EB80002946FFF77CFBD1
:10922000D8F82C00DAF80010C96ADBF80020884270
:10923000106828BF3C46C0B1DBF80000C068D0F819
:109240000C80454655F8040F864210D32846FFF798
:109250000BFBD8F828000028CED008F11800FFF743
:1092600003FBC9E74FF0FF3005E04FF0FF3048F255
:10927000DC31C2F200010860DAF8000048F2A40113
:10928000C06AC2F2000100EB800051F82000012802
:1092900088BF012448F23040C2F200000068002874
:1092A00018BF0124204601B000F000B830BCBDE872
:1092B000C08F0000B0B5C068C5687DB105F1180465
:1092C0002046FFF7D1FA48F24810C2F200000068C9
:1092D00048B148F2E430C2F200001AE0EFF3108027
:1092E00072B600BFFEE72C1D2046FFF7BDFA48F21C
:1092F0005012E86AC2F2000201211368814019434A
:10930000116048F2A40100EB8000C2F2000101EB01
:1093100080002146FFF700FB48F29401C2F20001F1
:10932000E86A0968C96A884291BF002048F2304162
:10933000C2F20001012088BF0860B0BD2DE9F04FE6
:1093400081B048F24814C2F20004206868B1FFF707
:10935000FBFA206801382060206850B10024FFF734
:1093600011FB204601B000F06FB8EFF3108072B629
:10937000FEE748F23C10C2F20000006800285FD00F
:1093800048F2E436C2F20006306848F23048C2F2D1
:10939000000898B348F2501548F2A40948F2940A1C
:1093A0004FF0010BC2F20005C2F20009C2F2000A3E
:1093B000F068C76807F11800FFF756FA3C1D204611
:1093C000FFF752FAF86A29680BFA00F2114300EB32
:1093D0008000296009EB80002146FFF79DFAF86ABA
:1093E000DAF80010C96A884228BFC8F800B03068AF
:1093F0000028DDD1002F18BFFFF7B2F948F244145E
:10940000C2F2000425685DB1012600BFFFF7A2FE8D
:10941000002818BFC8F80060013DF7D10020206087
:10942000D8F8000070B14EF60450CEF200004FF0B4
:10943000805101240160BFF34F8FBFF36F8F8EE720
:1094400000248CE700248AE730BCBDE8C08F000010
:109450000FB47CB50C0009AD01D0611E00E0002105
:10946000CDE90001064B6A462946089800F0E0F86D
:10947000002C02D0009A002111707CBC5DF814FB16
:10948000659D000802E008C8121F08C1002AFAD131
:1094900070477047002001E001C1121F002AFBD174
:1094A000704700002DE9FF5F82B00021DDE9043044
:1094B000020DDDF840B0034318D044F61050A2F27C
:1094C000FF3242431514119801281FD0A5EB0B0061
:1094D000401C5FEA000A4FF000064E4FDFF838915B
:1094E000B046504615D5CAF1000413E01198012486
:1094F0004AA3012801D16FEA0B010298119AC0E931
:109500000031C0E9024206B000F08EB8CBF1000095
:10951000DFE704460021404A491842EB0450CDE9F8
:10952000001012E0E00707D032463B46404649466D
:10953000F6F7D0FF8046894632463B46104619462C
:10954000F6F7C8FF06460F466410002CEAD1DDE9A5
:109550000401DDE90023BAF1000F06DAF6F7BAFFDD
:1095600042464B46F6F7B6FF05E0F7F728F84246C5
:109570004B46F7F724F804460E460022284BF7F72F
:10958000A5F803D84FF0FF30014607E00022254B35
:1095900020463146F6F7EFFEF7F780F8102409E091
:1095A000002C0ADB0A220023F6F70AFE039B303266
:1095B0001A55641E50EA0102F2D1641C039AC4F1E8
:1095C00011031444119A012A03D0012208430DD13A
:1095D0000AE0084304D000204FF0110B119072E70D
:1095E000A3EB0B056D1E0DE05B4504DD4FF00002A3
:1095F00005F1010504E003DA4FF00002A5F10105D1
:10960000002AECD002981199C0E90231C0E9004566
:1096100079E70000000014400000F03F3000000037
:109620000000F0430000E03F30BCBDE8C09F0000F8
:109630002DE9FF4F95B09B468946064600250FE26F
:10964000252877D100242746F84A0121059400E017
:10965000044316F8013F203B01FA03F01042F7D112
:1096600030782A2811D06FF02F033078A0F1300223
:10967000092A16D8059A44F0020402EB820203EB91
:1096800042021044761C0590EFE759F8042B05922E
:10969000002A03DA504244F40054059044F00204D6
:1096A000761C30782E2816D116F8010F44F00404E9
:1096B0002A280DD06FF02F023078A0F13003092B4B
:1096C00009D807EB870302EB4303C718761CF3E7BF
:1096D00059F8047B761C30786C280FD006DC4C28B7
:1096E00017D068280DD06A2814D104E0742810D04F
:1096F0007A280FD10DE044F400140AE044F48014F9
:1097000001E044F440147278824202D104F58014DE
:10971000761C761C307866280BD013DC582877D05E
:1097200009DC002875D04528F6D04628F4D0472813
:109730001AD19DE118E0632835D0642879D06528D6
:1097400012D195E1702873D008DC6728F1D0692820
:109750006FD06E280DD06F2806D1B5E073282CD0BD
:10976000752875D0782874D05A46179990476D1C83
:1097700075E1C4F30250022809D003280DD0D9F8AE
:10978000001004280DD00D6009F1040967E1D9F833
:109790000010EA17C1E90052F6E7D9F800100D8071
:1097A000F2E70D70F0E719F8041B8DF800100020A7
:1097B0008DF80100EA46012003E059F804AB4FF0B0
:1097C000FF3061074FF0000102D40DE008F1010104
:1097D0008846B9420FDA8045F8DB1AF808100029EC
:1097E000F4D108E008F1010188468142FADB1AF859
:1097F00008100029F6D105985B46A0EB0807214622
:109800003846179A00F097FA284400EB080507E05D
:109810004DE029E10DE01AF8010B5A4617999047DF
:10982000B8F10108F7D25B4621463846179A13E192
:1098300042E00A220092C4F302524FF0000A022AC8
:1098400008D059F804CB032A4FEAEC710AD00DE096
:1098500029E02AE009F1070121F00702F2E802C13C
:10986000914609E00FFA8CFC4FEAEC71042A03D10F
:109870004FFA8CFC4FEAEC71002907DA0A46002106
:10988000DCF1000C61EB02012D2202E0220504D57F
:109890002B228DF80420012203E0E20701D02022D0
:1098A000F7E7904659E00A2102E010220DE010216E
:1098B0004FF0000A00910BE010224FF0000A44F034
:1098C00004040827009203E008224FF0000A0092E7
:1098D000C4F30252022A05D059F804CB0021032A0E
:1098E00008D009E009F1070121F00702F2E802C1FE
:1098F000914605E01FFA8CFC042A01D10CF0FF0C04
:109900004FF00008220728D5702806D0009B83F06E
:10991000100353EA0A0305D00EE040228DF804201C
:10992000012208E05CEA010206D030228DF8042012
:109930008DF8050002229046009B83F0080353EA4D
:109940000A030AD15CEA010201D1620705D530227F
:109950008DF804204FF001087F1E582804D034A051
:1099600003900EA802900DE036A0F9E7534660463A
:10997000009AF6F725FC84460398825C0298401E04
:10998000029002705CEA0100F0D1029806A9081A60
:1099900000F1200A600702D524F4803400E001279A
:1099A000574502DDA7EB0A0000E0002000EB0A01AA
:1099B000009005984144401A0590E00306D45B46A8
:1099C0002146179A059800F0B6F90544002706E0ED
:1099D00001A85A46C05D179990476D1C7F1C4745EA
:1099E000F6DBE0030CD55B462146179A059800F09C
:1099F000A2F9054404E030205A46179990476D1C9F
:109A00000099481E00900029F5DC08E002980299B0
:109A10005A460078491C0291179990476D1CBAF17B
:109A20000001AAF1010AF1DC65E10000092801004A
:109A300030313233343536373839616263646566C4
:109A40000000000030313233343536373839414286
:109A5000434445460000000000F05BF90544761CD5
:109A6000307800287FF4ECAD19B0284600F04EB9EC
:109A7000620700D4062709F1070222F0070CFCE870
:109A80000223E14603F000485FEA080C02D00FF21F
:109A9000702C0DE05FEA045C02D50FF2682C07E041
:109AA0005FEAC47C02D00FF2602C01E0AFF2700CD0
:109AB0004FF0FF3823F00043CDF850C065280CD09C
:109AC00006DC452809D046281DD047283DD13DE079
:109AD000662818D067287ED138E00021112F01DBDD
:109AE000112000E0781CCDE9000106A90EA8FFF7BF
:109AF000D9FCDDE90F010E9A03910021009207F1D4
:109B0000010A04914DE04FF000400097CDE90110AB
:109B100006A90EA8FFF7C6FCDDE90F0203920E9B13
:109B200011990022DDF80CA00093049211B9791C60
:109B300000EB010AB7EB0A0004D4C0F1FF3007F1D3
:109B4000010A0490AAEB0700019044E0012F00DA1B
:109B500001270021112F01DD112000E03846CDE959
:109B6000000106A90EA8FFF79DFCDDE90F010E9A82
:109B70000391002104910092BA4621070CD4039965
:109B8000514500DA8A46BAF1010F05DD009AAAF1C3
:109B90000101515C302908D0B84202DA10F1040FFB
:109BA00006DA0121CDE9011015E0AAF10101E9E78A
:109BB000002805DC049901440491AAEB000102E0AD
:109BC000411C514500DD8A460499401A401C019011
:109BD0004FF000400290200704D40198504501DB6B
:109BE000CDF8048000208DF84F0002980DF14F074A
:109BF000B0F1004F25D02B200E9002984FF00208B4
:109C000000280CDA404202902D200E9007E00A2135
:109C10000298F6F77BFB3031029007F8011DB8F18E
:109C20000001A8F10108F2DC02980028EFD1791EAA
:109C30000E980870307800F0200040F0450007F8DA
:109C4000020D12A8C01B00F107081498007800B19B
:109C5000012000EB0A01019801EBE07105984144F5
:109C6000401A401E0590E00306D45B462146179A31
:109C7000059800F060F805441498007818B15A4629
:109C8000179990476D1CE00324D55B462146179A2F
:109C9000059800F050F805441CE00498002807DB04
:109CA000DDE90301884203DD0098405C179901E07B
:109CB000179930205A469047049805F10105401C39
:109CC00004900198401E019004D12E205A46179905
:109CD00090476D1CBAF10001AAF1010ADDDC05E034
:109CE00017F8010B5A46179990476D1CB8F10001FF
:109CF000A8F10108F4DC5B462146179A0598ABE60B
:109D00002D0000002B0000002000000030BCBDE84A
:109D1000C08F2DE9F041044600251E4617468804F1
:109D200004D405E039462020B0476D1C641EF9D5E7
:109D30002846BDE8F0812DE9F041044600251E4685
:109D40009046C80301D5302700E02027880404D5B9
:109D500005E041463846B0476D1C641EF9D52846DB
:109D6000BDE8F0814A68002A06D00A68531C0B60DF
:109D700010704868401E48607047000000000000F6
:109D8000AC018E0000000000000000000000000098
:109D90000102030406070809000000000102030491
:109DA000A0860100400D0300801A060000350C005B
:109DB00040420F0080841E0000093D0000127A001E
:109DC0000024F40000366E010048E801006CDC025B
:109DD0001C00200023001F002A0030002D00370047
:109DE00034003D003A0042000011223344556677AA
:109DF0008899AABBCCDDEEFFED7D00082980000824
:109E0000D8A30008F89D0008000000000400070126
:109E10000700000004000000120003090300030013
:109E20001600000006000403050003001C000000EB
:109E30002D00090909000300490000003400070D46
:109E4000070001007D0000002D000A090A00030040
:109E5000AA0000002D00090909000300D700000036
:109E60000300020303000300DA0000001A00030DE0
:109E700004010200F40000001A00030D04000200B7
:109E80000E0100000F000505050002001D01000085
:109E9000180007060700040035010000080003044D
:109EA00003000A003D010000040004020500080050
:109EB000410100000400030203000A004501000004
:109EC0002700060D060000006C01000024000809B0
:109ED00008000300900100001200040904000300C0
:109EE000A20100002400070907000300C6010000CA
:109EF0002400070907000300EA0100002400080904
:109F0000080003000E0200002400070907000300F8
:109F10003202000024000809080003005602000075
:109F200024000709070003007A0200002400080942
:109F3000080003009E020000240007090700030038
:109F4000C20200000E00030703000500D00200005B
:109F50001200030903000500E202000018000706D2
:109F600007000500FA0200001400070507000500BD
:109F70000E03000018000706070005002603000076
:109F800024000709070003004A03000048000C0CE6
:109F90000C000300920300002D000A090A000300D0
:109FA000BF0300002400080909010300E3030000C7
:109FB0002D00090909000300100400002D00090903
:109FC0000A0103003D040000240007090801030002
:109FD0006104000024000709080103008504000053
:109FE0002D00090909000300B2040000240008093B
:109FF0000A010300D604000009000209040103005D
:10A00000DF0400001B00060907000300FA0400003B
:10A0100024000809090103001E05000024000709A7
:10A0200007010300420500002D000A090B0103008F
:10A030006F050000240008090A01030093050000D1
:10A040002D000A090A000300C005000024000809C9
:10A0500009010300E40500003C000A0C0A000300AB
:10A06000200600002400080909010300440600003E
:10A070002400070907000300680600002400070900
:10A08000070003008C0600002400080909010300F2
:10A09000B00600002D000A090A000300DD060000DA
:10A0A0003F000E090E0003001C07000024000809F1
:10A0B00008000300400700002D0009090900030003
:10A0C0006D07000024000809080003009107000044
:10A0D0001A00030D04010200AB0700002700060D63
:10A0E00006000000D20700001A00030D0400020061
:10A0F000EC07000018000706070004000408000031
:10A100000600060206000C000A0800001C000707F3
:10A1100007000500260800002800070A08010200C1
:10A120004E0800001C000707070005006A08000031
:10A130002800080A08000200920800001C00070717
:10A1400007000500AE0800001E00050A0500020019
:10A15000CC0800002800080A08000500F4080000E8
:10A160002800070A080102001C0900001400030A65
:10A1700003000200300900002700050D0500020061
:10A18000570900002800070A070102007F090000A4
:10A190000A00020A03010200890900002A000B07D5
:10A1A0000D010500B30900001C00070708010500A8
:10A1B000CF0900001C00080708000500EB0900009B
:10A1C0002800070A08010500130A00002800080AF1
:10A1D000080005003B0A00000E0004070501050009
:10A1E000490A000015000607060005005E0A000087
:10A1F0001B00050905000300790A00001C00070781
:10A2000008010500950A00001C0008070800050069
:10A21000B10A00002A000B070B000500DB0A000052
:10A220001C00070707000500F70A00002800080ABD
:10A23000080005001F0B00001500060706000500BA
:10A24000340B00001A00040D040002004E0B000045
:10A250000D00020D040102005B0B00001A00040D4A
:10A260000400020020000000210000002200000085
:10A27000230000002400000025000000260000004C
:10A280002700000028000000290000002A0000002C
:10A290002B0000002C0000002D0000002E0000000C
:10A2A0002F000000300000003100000032000000EC
:10A2B00033000000340000003500000036000000CC
:10A2C0003700000038000000390000003A000000AC
:10A2D0003B0000003C0000003D0000003E0000008C
:10A2E0003F0000004000000041000000420000006C
:10A2F000430000004400000045000000460000004C
:10A300004700000048000000490000004A0000002B
:10A310004B0000004C0000004D0000004E0000000B
:10A320004F000000500000005100000052000000EB
:10A3300053000000540000005500000056000000CB
:10A340005700000058000000590000005A000000AB
:10A350005B0000005C0000005D0000005E0000008B
:10A360005F00000061000000620000006300000068
:10A370006400000065000000660000006700000047
:10A3800068000000690000006A0000006B00000027
:10A390006C0000006D0000006E0000006F00000007
:10A3A00070000000710000007200000073000000E7
:10A3B00074000000750000007600000077000000C7
:10A3C00078000000790000007A0000007B000000A7
:10A3D0007C0000007D0000000C04100000005D0007
:10A3E00064A20008089E0008ECA30008000000001A
:10A3F000F004F003F003F002E001D00100000000DF
:10A40000E003C3E1B3E0B2D00084300A000066503C
:10A410000800F4FFFFFF01104A911500001CA00383
:10A4200000000DB00100FAFFFFBF00312CD2120076
:10A43000300AC10000009002000090020030FCCF02
:10A4400003F1A66404E4900200F1B9020020FB8E3F
:10A45000000090D70B0090420EB5A3B40A91FEAF56
:10A46000010090020000400100B08F00C00196C2C0
:10A470000267003870240C0075A0B20200906B8651
:10A48000B50900101C0B7500A03409A20094102D12
:10A4900078001C00F71C00F94E0000502DD500007C
:10A4A000500CC30000009D2D000020ED070000E1CE
:10A4B000236D8800B600D22E00F415D46F0060FD25
:10A4C0006DA200C3B3B2A007F101B50089006B0013
:10A4D0004C004D004C006B008900B500F101A00755
:10A4E000B600F002B006700A500C400D300E400D60
:10A4F000500C700AB006F001B600000B0088AC05E5
:10A50000B08F0088AC05000B0000F0000000F000E8
:10A510000000F00000F3FFFF0220F2220000F00034
:10A5200000E300F301C0008400F4DF2012B300E474
:10A530000000004300005B00000F00500B00A0066D
:10A5400000E00100C400007900002E00300D008002
:10A550000700D00200D2000000E99E00A03CC30A20
:10A56000F102201FE500005DC600006CE500005D03
:10A57000F102201FA03CC30A00E99E00FE3F113FEC
:10A58000003F003F003F003F003F003F003FA1FE73
:10A590002C00A823E9000000F2010000E5000020E3
:10A5A0006E0000D10800108D0000D11A1100F8FFD4
:10A5B000FF07F9FFFF0010117D0000900B0000F570
:10A5C000020000C78F000000F3020000E0047A22BE
:10A5D000F801B4FF3C000000B90000401E0000E19B
:10A5E000050000AA0000501ED004E104D004F8FFCA
:10A5F000FFDF2122E2260000E004C0FFFF00E0149C
:10A600001100F0010000F1EF3B002032F9010000E1
:10A61000D0060000D006A913F701A3FE4C0000D617
:10A62000DF05804D3101F1020000D5D6AE01F64CB8
:10A63000C30BF503200FF202200FB03CB20A10FA50
:10A64000AF01FAFFFF0B8A11D1065700F30000009B
:10A650009A0000102F0000800C0000E0050000E5CB
:10A660000000008C000030FCAE01E029C30AF201BA
:10A67000500DE007A00A60FFFF02F227A30DC600FD
:10A68000102FF316920E50FCBF0370FE4C00E62410
:10A69000E6018900B008D702F40BA0FF9D0C001062
:10A6A000800B0000D0075031DB00C1EF1A00B3006F
:10A6B000E400000000000000B300E400B300E40088
:10A6C000000000000000E300F301C000840000006F
:10A6D000920200C66C00F2390000919E03000060F7
:10A6E000DC0100002001F3FFFF0310111100000046
:10A6F0000000F3FFFF02202222009202000060CC43
:10A7000006000030F90200939E01D15C0000210098
:10A710000000A1FE2C00A922DA000000F3000000D6
:10A72000C80000503F0000F105000092000000004A
:10A73000000000E400000040EBDF180000D92631E3
:10A74000E903700BE87E7D1DE0713DA23F78A3D048
:10A7500004003FB285F002003DC085D004003FB048
:10A76000A3702CA05F76E001E88EF50B600B000073
:10A77000000000D9264106000050EBCF0500000084
:10A78000F603000000ED090000403E1F0000B00984
:10A790007D0000F102E60000C800F10500FEFFFFA9
:10A7A0000B602E11412FC00700009BFBFFBF027BF7
:10A7B00011A20D7B00300F7B00900CFBFFFF048B80
:10A7C00022623F7B00007C7B11514FFBFFDF0600C4
:10A7D000B3FE4B00508F22D700E006000000E400DB
:10A7E000000000C600000000E400000000E00600D9
:10A7F0000000507F22D70000B3FF4B00FBFFAE03E9
:10A80000007B11824F007B0000E7007B0000F0031B
:10A810007B0000E0057B0000F0037B0000E7007B8D
:10A8200011824F00FBFFBE0300FBFFFF037B1111F2
:10A83000007B0000007B000000FBFFAF008B2212BA
:10A84000007B0000007B111100FBFFFF05FBFFFFF9
:10A85000037B1111007B0000007B000000FBFFAFB9
:10A86000008B2212007B0000007B0000007B0000B8
:10A870000000B3FE5C00508F12D601E0060000001D
:10A88000E400000000C600008002E40000E003E0F5
:10A890000600E003507F22F60300B3FE5C007B005D
:10A8A000007B7B00007B7B00007B7B00007BFBFF51
:10A8B000FF7F8B22227C7B00007B7B00007B7B0068
:10A8C000007B7B7B7B7B7B7B7B7B7B40FFFF00116B
:10A8D000F40000F30000F30000F30000F30000E4D4
:10A8E000C025AB40FD2B7B00601D7B00E5027B405B
:10A8F0003F007BE205009BFE0200FBBA0D00BB009F
:10A90000AD007B00E1067B00303F7B0000007B0058
:10A9100000007B0000007B0000007B0000007B004B
:10A9200000007B0000008B222200FBFFFF008B0059
:10A9300000102FFB0100903FFB0A00E23F8B2F002D
:10A940007B3F6BB7300E3F6BE0C4053F6B50CE00D2
:10A950003F6B003B003F6B0000003F9B00007BFB18
:10A9600005007BDB2F007B7BDB007B7BD1097B7BC6
:10A97000305F7B7B00F67D7B00A07F7B00007D004D
:10A98000B3FE4B00508F22F706E00600501FE40094
:10A9900000005DC60000007BE40000005DE00600F2
:10A9A000501F507F22F70600B3FE4B00FBFF8D00C7
:10A9B0007B11D4097B00400F7B00300F7B00C20A63
:10A9C000FBFFAF018B1200007B0000007B0000004A
:10A9D00000B3FE4B00408F22F706E00600501FE454
:10A9E0000000005DC60000007BE40000006DF00682
:10A9F00000501F507F22F70600C4FF5D000000C01A
:10AA00000B83000010FB5F0000001000FBFF8D00B7
:10AA10007B11D4097B00400E7B00300F7B00C20B02
:10AA2000FBFFBF018B129B007B00F1037B00700DCD
:10AA300030FCBE03F1177204E4000000F1290000AD
:10AA400020FB8E000000D50A0000400EB514B20BAA
:10AA500080FDAE01FFFFFF0F11F2120100F10100B6
:10AA600000F1010000F1010000F1010000F101001E
:10AA700000F1010000F101006D00004E6D00004E7C
:10AA80006D00004E6D00004E6D00004E7C00003EDB
:10AA9000A900201FF227C30A40FC8E00C007000057
:10AAA0005D600E00400E004F00A00800B900F102EA
:10AAB00000F202B70000C0084E0000505E0E000019
:10AAC00000EE07000000F80100C700008E00200F14
:10AAD000F20130DF00700AD00680FA02C005800B58
:10AAE000E0B407F100300FE3600CB600005E981090
:10AAF0001F6B0000A94D007C1F0000F40E00F60C37
:10AB00000000F00A00F10700F501005EA00B900BB9
:10AB1000105EE40100E55D0000D00E0000D67D006F
:10AB2000203FF303C008700DD700009CC00800A0B0
:10AB300008301F00E300009A006C0000F1530D0084
:10AB40000080DB04000000BE000000007B0000006D
:10AB5000007B000000007B0000F6FFFF5F101191FA
:10AB60000D0000F40200106E0000B00A0000D700D3
:10AB700000403F0000E1181101F7FFFF8FFB0C7B45
:10AB8000006B006B006B006B006B006B006B006B6D
:10AB9000006B007B00FB0C530000E20000D00300C0
:10ABA000800800300D00002D0000780000C3000078
:10ABB000E00200900700400C00001E00006AFC0B41
:10ABC000700B600B600B600B600B600B600B600B1D
:10ABD000600B600B700BFC0B0070000000E50500C3
:10ABE000004B0B00200C2C0080068600D000D0000B
:10ABF000FFFFFF22222280FD3C009023D9000000AD
:10AC0000F10180FDFF02E423F202E423F80290EE5A
:10AC1000F7024E0000004E0000004E0000007EFCD7
:10AC20004C00EE14F7026E00A0084E00800A6E0081
:10AC3000B008FE14F7026EFD4C0020FB8E00D029F8
:10AC4000D303D5000000B7000000D5000000D02AD3
:10AC5000D30320FB8E000000101F0000101F000017
:10AC6000101F20FB6D1FE029D31FD500301FB70038
:10AC7000101FD500401FE02AD31F20FB5D1F20FBC3
:10AC80005D00E028E403D500600AF7FFFF0DD52240
:10AC90002201E028820220FB9E0010FC06902A027E
:10ACA000B00600FDFF03C11700B00600B00600B0FB
:10ACB0000600B00600B0060020FB6E2EE029C32F70
:10ACC000D500202FB700002FD500202FE02AD32F4A
:10ACD00020FB6E2F0000200FC026B30A70FCAE01CF
:10ACE0004E0000004E0000004E0000007EFD2C00D3
:10ACF000EE24CA006E00F1004E00F0014E00F0029A
:10AD00004E00F0024E00F002E00400000000E004FB
:10AD1000E004E004E004E004E004E00400D0050006
:10AD2000000000000000D00400D00400D00400D0D7
:10AD30000400D00400D00400D00400D00420F202AB
:10AD4000D08F004E0000004E0000004E0000004E6C
:10AD500000AB004EB00B004ECB0000DECF0000DE9B
:10AD6000E208004E304F004E00E6014E4E4E4E4E71
:10AD70004E4E4E4E4E6EFD1BE88E00EE23FC2BE435
:10AD8000056E00F40190094E00F300800A4E00F3B6
:10AD900000800A4E00F300800A4E00F300800A6E25
:10ADA000FD2C00EE24CA006E00F1004E00F0014EB2
:10ADB00000F0024E00F0024E00F00220FB8E00E098
:10ADC00029D308D500300FB700101FD500400FD091
:10ADD0002AE30820FB8E006EFD4C00FE15F7027E74
:10ADE00000A0084E00800A6E00B008FE14F7026E44
:10ADF000FC4C004E0000004E0000004E0000002001
:10AE0000FB5D1FE029D31FD500401FB700101FD5E1
:10AE100000401FE02AD31F20FB5D1F0000101F0011
:10AE200000101F0000101F7E8DEE046E004E004EBD
:10AE3000004E004E0090FE2CD62216D7020090EF56
:10AE40001900209C65228BC4EF0A500300B0060055
:10AE5000FDFF03C11700B00600B00600B00600A059
:10AE60001A0120FD063F00F2003F00F2003F00F211
:10AE7000003F00F2004E00F400CA32FC00B1EFF6D1
:10AE800000D0050089600C002F102F600B008AC0D5
:10AE90000500E3E30000D08D0000602F005C00F3AC
:10AEA000017008A600F906D003F1007E0BD200B0B5
:10AEB000450C1E8800609A066A3D0010EE01D40D14
:10AEC0000000BB00E00800D600E401A0094E00101D
:10AED000CE090000F8010010BE0A00C0086D00C7CE
:10AEE00000E302D0050089700B002E101F500C00EB
:10AEF0007BB00500D4E10000E09B0000803F000033
:10AF0000500D0050C20600C19F0000F7FFBF103176
:10AF10004F00C00700B800401E00E11511F8FFDF28
:10AF200000FB402E500C500C500C600CF406800BB3
:10AF3000500C500C500C402E00FB5B5B5B5B5B5B72
:10AF40005B5B5B5B5B5B5BDC01C10790099009901D
:10AF500009800A307F801B900990099009C108DCA4
:10AF60000100000001000000A5B00008B5B0000815
:10AF700002000000F0B00008D2B00008030000009A
:10AF800027B1000811B1000804000000A0B00008BB
:10AF9000F9B0000805000000E7B000082CB1000877
:10AFA0000101010101010101010101010101010191
:10AFB0000101010101010101010101010101010181
:10AFC0000101010101010101010101010101010171
:10AFD0000101010101010101010101010101010161
:10AFE0000101010101010101010101010101010151
:10AFF0000101010101010101010101010101010141
:10B000000101010101010101010101010101010130
:10B010000101010101010101010101010101010120
:10B020000101010101010101010101010101010110
:10B030000101010101010101010101010101010100
:10B0400001010101010101010101010101010101F0
:10B0500001010101010101010101010101010101E0
:10B0600002020202020202020202020202020202C0
:10B0700002020202020202020202020202020202B0
:10B080000303030303030303030303030303030390
:10B09000040404040404040405050505060601016E
:10B0A0004461746100486F6D6500746F67676C651B
:10B0B000206F6666007768697465706170657220DC
:10B0C0006C616E64696E6700746F67676C65206F92
:10B0D0006E00627574746F6E20746F67676C6520A4
:10B0E000736C696465720053657474696E6773008C
:10B0F000436F6E74726F6C730070726F70657274F0
:10B10000792064726976656E207769646765747307
:10B11000006D656E7520616E64207669727475616C
:10B120006C20726F7773004C69737400706F727467
:10B13000696E6720636865636B6C69737400666F22
:10B1400063757365640070726F76696465722072EE
:10B150006F77002E2E2F555345522F4D49444C45A5
:10B160002F456D6265646465644755492F7372634A
:10B170002F666F6E742F656775695F666F6E745F9B
:10B180007374642E63000000A8B100080000002062
:10B190000001000084940008A8B20008000100200B
:10B1A000388B00009494000800093D000101000064
:10B1B0000000AC018E000000000000000200000052
:10B1C000000000000000000025490008754A000842
:10B1D0004D4C0008294A00088D4A0008254A0008FD
:10B1E000F54B0008B94A0008040000000000000008
:10B1F0000000000025490008754A00084D4C000871
:10B20000294A00088D4A0008254A0008F54B000825
:10B21000B94A000801000000000000000000000022
:10B2200025490008754A00084D4C0008294A0008C5
:10B230008D4A0008254A0008F54B0008B94A000865
:10B240000300000000000000000000002549000885
:10B25000754A00084D4C0008294A00088D4A00082C
:10B26000254A0008F54B0008B94A0008050000000F
:10B27000000000000000000025490008754A000891
:10B280004D4C0008294A00088D4A0008254A00084C
:10B29000F54B0008B94A000801000000100000004A
:08B2A000AAAAAAAA00000000FE
:040000050800018965
:00000001FF
